{
    "criterion_grouped_scores": {
        "acc_eq": {
            "instruction_following": {
                "Qwen3-14B_pcshr7": 0.4614130434782609
            },
            "naturalness": {
                "Qwen3-14B_pcshr7": 0.4739130434782609
            },
            "coherence": {
                "Qwen3-14B_pcshr7": 0.3675724637681159
            }
        }
    },
    "criterion_locale_grouped_scores": {
        "acc_eq": {
            "instruction_following": {
                "cs_CZ": {
                    "Qwen3-14B_pcshr7": 0.4614130434782609
                }
            },
            "naturalness": {
                "cs_CZ": {
                    "Qwen3-14B_pcshr7": 0.4739130434782609
                }
            },
            "coherence": {
                "cs_CZ": {
                    "Qwen3-14B_pcshr7": 0.3675724637681159
                }
            }
        }
    }
}