{
    "criterion_grouped_scores": {
        "acc_eq": {
            "instruction_following": {
                "Qwen3.5-35B-A3B_pcshr7": 0.4465579710144928
            },
            "naturalness": {
                "Qwen3.5-35B-A3B_pcshr7": 0.30887681159420294
            },
            "coherence": {
                "Qwen3.5-35B-A3B_pcshr7": 0.38369565217391316
            }
        }
    },
    "criterion_locale_grouped_scores": {
        "acc_eq": {
            "instruction_following": {
                "cs_CZ": {
                    "Qwen3.5-35B-A3B_pcshr7": 0.4465579710144928
                }
            },
            "naturalness": {
                "cs_CZ": {
                    "Qwen3.5-35B-A3B_pcshr7": 0.30887681159420294
                }
            },
            "coherence": {
                "cs_CZ": {
                    "Qwen3.5-35B-A3B_pcshr7": 0.38369565217391316
                }
            }
        }
    }
}