{
    "ranking_accuracy": {
        "Qwen3.5-35B-A3B_pcshr7": 0.8189655172413793
    },
    "acc_eq_by_instruction_following": {
        "Qwen3.5-35B-A3B_pcshr7": 0.4619565217391305
    },
    "acc_eq_by_naturalness": {
        "Qwen3.5-35B-A3B_pcshr7": 0.5286231884057971
    },
    "acc_eq_by_coherence": {
        "Qwen3.5-35B-A3B_pcshr7": 0.4811594202898551
    },
    "acc_eq_average": {
        "Qwen3.5-35B-A3B_pcshr7": 0.49057971014492757
    },
    "criterion_grouped_scores": {
        "acc_eq": {
            "instruction_following": {
                "Qwen3.5-35B-A3B_pcshr7": 0.4619565217391305
            },
            "naturalness": {
                "Qwen3.5-35B-A3B_pcshr7": 0.5286231884057971
            },
            "coherence": {
                "Qwen3.5-35B-A3B_pcshr7": 0.4811594202898551
            }
        }
    }
}