{
    "ranking_accuracy": {
        "gemma-4-31B-it_hcs27": 0.8559322033898306
    },
    "acc_eq_by_instruction_following": {
        "gemma-4-31B-it_hcs27": 0.6227355072463768
    },
    "acc_eq_by_naturalness": {
        "gemma-4-31B-it_hcs27": 0.563768115942029
    },
    "acc_eq_by_coherence": {
        "gemma-4-31B-it_hcs27": 0.5625905797101449
    },
    "acc_eq_average": {
        "gemma-4-31B-it_hcs27": 0.5830314009661836
    },
    "criterion_grouped_scores": {
        "acc_eq": {
            "instruction_following": {
                "gemma-4-31B-it_hcs27": 0.6227355072463768
            },
            "naturalness": {
                "gemma-4-31B-it_hcs27": 0.563768115942029
            },
            "coherence": {
                "gemma-4-31B-it_hcs27": 0.5625905797101449
            }
        }
    }
}