{
    "criterion_grouped_scores": {
        "acc_eq": {
            "instruction_following": {
                "Qwen2.5-7B-Instruct_h13": 0.691123188405797
            },
            "naturalness": {
                "Qwen2.5-7B-Instruct_h13": 0.6052536231884058
            },
            "coherence": {
                "Qwen2.5-7B-Instruct_h13": 0.5485507246376812
            }
        }
    },
    "criterion_locale_grouped_scores": {
        "acc_eq": {
            "instruction_following": {
                "en_US": {
                    "Qwen2.5-7B-Instruct_h13": 0.691123188405797
                }
            },
            "naturalness": {
                "en_US": {
                    "Qwen2.5-7B-Instruct_h13": 0.6052536231884058
                }
            },
            "coherence": {
                "en_US": {
                    "Qwen2.5-7B-Instruct_h13": 0.5485507246376812
                }
            }
        }
    }
}