{
    "criterion_grouped_scores": {
        "acc_eq": {
            "instruction_following": {
                "Qwen3-8B_h13": 0.5621195652173913
            },
            "naturalness": {
                "Qwen3-8B_h13": 0.4993659420289855
            },
            "coherence": {
                "Qwen3-8B_h13": 0.5448369565217391
            }
        }
    },
    "criterion_locale_grouped_scores": {
        "acc_eq": {
            "instruction_following": {
                "ar_EG": {
                    "Qwen3-8B_h13": 0.6445652173913043
                },
                "bn_BD": {
                    "Qwen3-8B_h13": 0.4710144927536231
                },
                "cs_CZ": {
                    "Qwen3-8B_h13": 0.42681159420289855
                },
                "de_DE": {
                    "Qwen3-8B_h13": 0.5666666666666667
                },
                "en_US": {
                    "Qwen3-8B_h13": 0.6661231884057971
                },
                "hi_IN": {
                    "Qwen3-8B_h13": 0.6125
                },
                "id_ID": {
                    "Qwen3-8B_h13": 0.5809782608695652
                },
                "ja_JP": {
                    "Qwen3-8B_h13": 0.44710144927536233
                },
                "ru_RU": {
                    "Qwen3-8B_h13": 0.6521739130434783
                },
                "zh_CN": {
                    "Qwen3-8B_h13": 0.5532608695652174
                }
            },
            "naturalness": {
                "ar_EG": {
                    "Qwen3-8B_h13": 0.4150362318840579
                },
                "bn_BD": {
                    "Qwen3-8B_h13": 0.48097826086956513
                },
                "cs_CZ": {
                    "Qwen3-8B_h13": 0.4447463768115941
                },
                "de_DE": {
                    "Qwen3-8B_h13": 0.4711956521739131
                },
                "en_US": {
                    "Qwen3-8B_h13": 0.6213768115942028
                },
                "hi_IN": {
                    "Qwen3-8B_h13": 0.6030797101449273
                },
                "id_ID": {
                    "Qwen3-8B_h13": 0.4445652173913044
                },
                "ja_JP": {
                    "Qwen3-8B_h13": 0.4835144927536232
                },
                "ru_RU": {
                    "Qwen3-8B_h13": 0.47789855072463777
                },
                "zh_CN": {
                    "Qwen3-8B_h13": 0.5512681159420291
                }
            },
            "coherence": {
                "ar_EG": {
                    "Qwen3-8B_h13": 0.6257246376811595
                },
                "bn_BD": {
                    "Qwen3-8B_h13": 0.4804347826086957
                },
                "cs_CZ": {
                    "Qwen3-8B_h13": 0.415036231884058
                },
                "de_DE": {
                    "Qwen3-8B_h13": 0.5759057971014492
                },
                "en_US": {
                    "Qwen3-8B_h13": 0.5458333333333333
                },
                "hi_IN": {
                    "Qwen3-8B_h13": 0.6699275362318841
                },
                "id_ID": {
                    "Qwen3-8B_h13": 0.475
                },
                "ja_JP": {
                    "Qwen3-8B_h13": 0.5025362318840579
                },
                "ru_RU": {
                    "Qwen3-8B_h13": 0.6394927536231885
                },
                "zh_CN": {
                    "Qwen3-8B_h13": 0.5184782608695652
                }
            }
        }
    }
}