{
    "ranking_accuracy": {
        "Qwen3-8B_h13": 0.8
    },
    "acc_eq_by_instruction_following": {
        "Qwen3-8B_h13": 0.5621195652173913
    },
    "acc_eq_by_naturalness": {
        "Qwen3-8B_h13": 0.4993659420289855
    },
    "acc_eq_by_coherence": {
        "Qwen3-8B_h13": 0.5448369565217391
    },
    "acc_eq_average": {
        "Qwen3-8B_h13": 0.5354408212560386
    },
    "criterion_grouped_scores": {
        "acc_eq": {
            "instruction_following": {
                "Qwen3-8B_h13": 0.5621195652173913
            },
            "naturalness": {
                "Qwen3-8B_h13": 0.4993659420289855
            },
            "coherence": {
                "Qwen3-8B_h13": 0.5448369565217391
            }
        }
    }
}