{
    "criterion_grouped_scores": {
        "acc_eq": {
            "instruction_following": {
                "Qwen3-8B_h13": 0.4405797101449275
            },
            "naturalness": {
                "Qwen3-8B_h13": 0.4478260869565217
            },
            "coherence": {
                "Qwen3-8B_h13": 0.42681159420289855
            }
        }
    },
    "criterion_locale_grouped_scores": {
        "acc_eq": {
            "instruction_following": {
                "cs_CZ": {
                    "Qwen3-8B_h13": 0.4405797101449275
                }
            },
            "naturalness": {
                "cs_CZ": {
                    "Qwen3-8B_h13": 0.4478260869565217
                }
            },
            "coherence": {
                "cs_CZ": {
                    "Qwen3-8B_h13": 0.42681159420289855
                }
            }
        }
    }
}