{
    "criterion_grouped_scores": {
        "acc_eq": {
            "instruction_following": {
                "Qwen3-8B_h13": 0.5856702898550725
            },
            "naturalness": {
                "Qwen3-8B_h13": 0.5148369565217391
            },
            "coherence": {
                "Qwen3-8B_h13": 0.5830434782608694
            }
        }
    },
    "criterion_locale_grouped_scores": {
        "acc_eq": {
            "instruction_following": {
                "ar_EG": {
                    "Qwen3-8B_h13": 0.6692028985507247
                },
                "bn_BD": {
                    "Qwen3-8B_h13": 0.4875
                },
                "cs_CZ": {
                    "Qwen3-8B_h13": 0.4405797101449274
                },
                "de_DE": {
                    "Qwen3-8B_h13": 0.5791666666666666
                },
                "en_US": {
                    "Qwen3-8B_h13": 0.7262681159420289
                },
                "hi_IN": {
                    "Qwen3-8B_h13": 0.621376811594203
                },
                "id_ID": {
                    "Qwen3-8B_h13": 0.5844202898550724
                },
                "ja_JP": {
                    "Qwen3-8B_h13": 0.4585144927536232
                },
                "ru_RU": {
                    "Qwen3-8B_h13": 0.6605072463768116
                },
                "zh_CN": {
                    "Qwen3-8B_h13": 0.6291666666666668
                }
            },
            "naturalness": {
                "ar_EG": {
                    "Qwen3-8B_h13": 0.4246376811594203
                },
                "bn_BD": {
                    "Qwen3-8B_h13": 0.4971014492753623
                },
                "cs_CZ": {
                    "Qwen3-8B_h13": 0.44782608695652176
                },
                "de_DE": {
                    "Qwen3-8B_h13": 0.48387681159420304
                },
                "en_US": {
                    "Qwen3-8B_h13": 0.6197463768115942
                },
                "hi_IN": {
                    "Qwen3-8B_h13": 0.6067028985507246
                },
                "id_ID": {
                    "Qwen3-8B_h13": 0.4440217391304348
                },
                "ja_JP": {
                    "Qwen3-8B_h13": 0.511231884057971
                },
                "ru_RU": {
                    "Qwen3-8B_h13": 0.48822463768115937
                },
                "zh_CN": {
                    "Qwen3-8B_h13": 0.6250000000000001
                }
            },
            "coherence": {
                "ar_EG": {
                    "Qwen3-8B_h13": 0.653623188405797
                },
                "bn_BD": {
                    "Qwen3-8B_h13": 0.4739130434782609
                },
                "cs_CZ": {
                    "Qwen3-8B_h13": 0.4268115942028986
                },
                "de_DE": {
                    "Qwen3-8B_h13": 0.6130434782608696
                },
                "en_US": {
                    "Qwen3-8B_h13": 0.6240942028985509
                },
                "hi_IN": {
                    "Qwen3-8B_h13": 0.6865942028985508
                },
                "id_ID": {
                    "Qwen3-8B_h13": 0.46123188405797105
                },
                "ja_JP": {
                    "Qwen3-8B_h13": 0.5496376811594202
                },
                "ru_RU": {
                    "Qwen3-8B_h13": 0.6420289855072463
                },
                "zh_CN": {
                    "Qwen3-8B_h13": 0.6994565217391305
                }
            }
        }
    }
}