{
    "ranking_accuracy": {
        "Qwen3-8B_h13": 0.85
    },
    "acc_eq_by_instruction_following": {
        "Qwen3-8B_h13": 0.5856702898550725
    },
    "acc_eq_by_naturalness": {
        "Qwen3-8B_h13": 0.5148369565217391
    },
    "acc_eq_by_coherence": {
        "Qwen3-8B_h13": 0.5830434782608694
    },
    "acc_eq_average": {
        "Qwen3-8B_h13": 0.5611835748792271
    },
    "criterion_grouped_scores": {
        "acc_eq": {
            "instruction_following": {
                "Qwen3-8B_h13": 0.5856702898550725
            },
            "naturalness": {
                "Qwen3-8B_h13": 0.5148369565217391
            },
            "coherence": {
                "Qwen3-8B_h13": 0.5830434782608694
            }
        }
    }
}