{
    "criterion_grouped_scores": {
        "acc_eq": {
            "instruction_following": {
                "Qwen3-8B_h13": 0.5852898550724638
            },
            "naturalness": {
                "Qwen3-8B_h13": 0.515054347826087
            },
            "coherence": {
                "Qwen3-8B_h13": 0.5822101449275363
            }
        }
    },
    "criterion_locale_grouped_scores": {
        "acc_eq": {
            "instruction_following": {
                "ar_EG": {
                    "Qwen3-8B_h13": 0.6682971014492753
                },
                "bn_BD": {
                    "Qwen3-8B_h13": 0.4809782608695651
                },
                "cs_CZ": {
                    "Qwen3-8B_h13": 0.4431159420289854
                },
                "de_DE": {
                    "Qwen3-8B_h13": 0.5769927536231884
                },
                "en_US": {
                    "Qwen3-8B_h13": 0.7266304347826086
                },
                "hi_IN": {
                    "Qwen3-8B_h13": 0.6224637681159421
                },
                "id_ID": {
                    "Qwen3-8B_h13": 0.5864130434782608
                },
                "ja_JP": {
                    "Qwen3-8B_h13": 0.4605072463768115
                },
                "ru_RU": {
                    "Qwen3-8B_h13": 0.6626811594202898
                },
                "zh_CN": {
                    "Qwen3-8B_h13": 0.6248188405797103
                }
            },
            "naturalness": {
                "ar_EG": {
                    "Qwen3-8B_h13": 0.4206521739130435
                },
                "bn_BD": {
                    "Qwen3-8B_h13": 0.4967391304347826
                },
                "cs_CZ": {
                    "Qwen3-8B_h13": 0.451268115942029
                },
                "de_DE": {
                    "Qwen3-8B_h13": 0.48768115942028983
                },
                "en_US": {
                    "Qwen3-8B_h13": 0.6184782608695653
                },
                "hi_IN": {
                    "Qwen3-8B_h13": 0.6083333333333334
                },
                "id_ID": {
                    "Qwen3-8B_h13": 0.44438405797101455
                },
                "ja_JP": {
                    "Qwen3-8B_h13": 0.5097826086956521
                },
                "ru_RU": {
                    "Qwen3-8B_h13": 0.49311594202898557
                },
                "zh_CN": {
                    "Qwen3-8B_h13": 0.6201086956521739
                }
            },
            "coherence": {
                "ar_EG": {
                    "Qwen3-8B_h13": 0.6539855072463768
                },
                "bn_BD": {
                    "Qwen3-8B_h13": 0.476268115942029
                },
                "cs_CZ": {
                    "Qwen3-8B_h13": 0.42934782608695654
                },
                "de_DE": {
                    "Qwen3-8B_h13": 0.6110507246376812
                },
                "en_US": {
                    "Qwen3-8B_h13": 0.6239130434782609
                },
                "hi_IN": {
                    "Qwen3-8B_h13": 0.6802536231884058
                },
                "id_ID": {
                    "Qwen3-8B_h13": 0.461231884057971
                },
                "ja_JP": {
                    "Qwen3-8B_h13": 0.5485507246376811
                },
                "ru_RU": {
                    "Qwen3-8B_h13": 0.6403985507246377
                },
                "zh_CN": {
                    "Qwen3-8B_h13": 0.6971014492753624
                }
            }
        }
    }
}