{
    "ranking_accuracy": {
        "Qwen3-8B_h13": 0.8583333333333333
    },
    "acc_eq_by_instruction_following": {
        "Qwen3-8B_h13": 0.5852898550724638
    },
    "acc_eq_by_naturalness": {
        "Qwen3-8B_h13": 0.515054347826087
    },
    "acc_eq_by_coherence": {
        "Qwen3-8B_h13": 0.5822101449275363
    },
    "acc_eq_average": {
        "Qwen3-8B_h13": 0.5608514492753623
    },
    "criterion_grouped_scores": {
        "acc_eq": {
            "instruction_following": {
                "Qwen3-8B_h13": 0.5852898550724638
            },
            "naturalness": {
                "Qwen3-8B_h13": 0.515054347826087
            },
            "coherence": {
                "Qwen3-8B_h13": 0.5822101449275363
            }
        }
    }
}