{
    "criterion_grouped_scores": {
        "acc_eq": {
            "instruction_following": {
                "Qwen2.5-3B-Instruct_h13": 0.39528985507246367
            },
            "naturalness": {
                "Qwen2.5-3B-Instruct_h13": 0.37608695652173924
            },
            "coherence": {
                "Qwen2.5-3B-Instruct_h13": 0.38731884057971006
            }
        }
    },
    "criterion_locale_grouped_scores": {
        "acc_eq": {
            "instruction_following": {
                "cs_CZ": {
                    "Qwen2.5-3B-Instruct_h13": 0.39528985507246367
                }
            },
            "naturalness": {
                "cs_CZ": {
                    "Qwen2.5-3B-Instruct_h13": 0.37608695652173924
                }
            },
            "coherence": {
                "cs_CZ": {
                    "Qwen2.5-3B-Instruct_h13": 0.38731884057971006
                }
            }
        }
    }
}