{
    "ranking_accuracy": {
        "Llama-4-Maverick": 0.8333333333333334,
        "DeepSeek-V3": 0.85,
        "CommandA": 0.9327731092436975,
        "GPT-4.1": 0.9495798319327731,
        "AyaExpanse-8B": 0.5833333333333334,
        "Llama-3.1-8B": 0.6333333333333333,
        "CommandR7B": 0.6166666666666667,
        "Claude-4": 0.95,
        "AyaExpanse-32B": 0.7333333333333333,
        "Mistral-Medium": 0.8823529411764706,
        "Qwen3-235B": 0.9083333333333333,
        "Mistral-7B": 0.55,
        "Qwen2.5-7B": 0.7
    },
    "acc_eq_by_instruction_following": {
        "Llama-4-Maverick": 0.5244746376811594,
        "DeepSeek-V3": 0.5791304347826086,
        "CommandA": 0.5872101449275362,
        "GPT-4.1": 0.5858695652173913,
        "AyaExpanse-8B": 0.5117028985507246,
        "Llama-3.1-8B": 0.44302536231884054,
        "CommandR7B": 0.5233695652173913,
        "Claude-4": 0.5707246376811594,
        "AyaExpanse-32B": 0.5263405797101449,
        "Mistral-Medium": 0.5545108695652173,
        "Qwen3-235B": 0.5942753623188406,
        "Mistral-7B": 0.4981159420289855,
        "Qwen2.5-7B": 0.48567028985507255
    },
    "acc_eq_by_coherence": {
        "Llama-4-Maverick": 0.5558152173913044,
        "DeepSeek-V3": 0.5316485507246377,
        "CommandA": 0.5895289855072464,
        "GPT-4.1": 0.5909601449275361,
        "AyaExpanse-8B": 0.47916666666666663,
        "Llama-3.1-8B": 0.4681702898550724,
        "CommandR7B": 0.5131702898550725,
        "Claude-4": 0.5617210144927537,
        "AyaExpanse-32B": 0.5057789855072464,
        "Mistral-Medium": 0.5567572463768117,
        "Qwen3-235B": 0.589891304347826,
        "Mistral-7B": 0.44639492753623183,
        "Qwen2.5-7B": 0.4792753623188406
    },
    "acc_eq_by_naturalness": {
        "Llama-4-Maverick": 0.5067391304347826,
        "DeepSeek-V3": 0.5049456521739131,
        "CommandA": 0.531177536231884,
        "GPT-4.1": 0.538713768115942,
        "AyaExpanse-8B": 0.4372644927536232,
        "Llama-3.1-8B": 0.4000905797101449,
        "CommandR7B": 0.44228260869565217,
        "Claude-4": 0.5469202898550725,
        "AyaExpanse-32B": 0.46771739130434786,
        "Mistral-Medium": 0.5368297101449275,
        "Qwen3-235B": 0.5322101449275363,
        "Mistral-7B": 0.40155797101449275,
        "Qwen2.5-7B": 0.46307971014492755
    },
    "acc_eq_average": {
        "Llama-4-Maverick": 0.5290096618357488,
        "DeepSeek-V3": 0.5385748792270532,
        "CommandA": 0.5693055555555555,
        "GPT-4.1": 0.5718478260869565,
        "AyaExpanse-8B": 0.47604468599033817,
        "Llama-3.1-8B": 0.4370954106280193,
        "CommandR7B": 0.49294082125603866,
        "Claude-4": 0.5597886473429953,
        "AyaExpanse-32B": 0.4999456521739131,
        "Mistral-Medium": 0.5493659420289855,
        "Qwen3-235B": 0.5721256038647343,
        "Mistral-7B": 0.44868961352657005,
        "Qwen2.5-7B": 0.4760084541062802
    },
    "criterion_grouped_scores": {
        "acc_eq": {
            "instruction_following": {
                "Llama-4-Maverick": 0.5244746376811594,
                "DeepSeek-V3": 0.5791304347826086,
                "CommandA": 0.5872101449275362,
                "GPT-4.1": 0.5858695652173913,
                "AyaExpanse-8B": 0.5117028985507246,
                "Llama-3.1-8B": 0.44302536231884054,
                "CommandR7B": 0.5233695652173913,
                "Claude-4": 0.5707246376811594,
                "AyaExpanse-32B": 0.5263405797101449,
                "Mistral-Medium": 0.5545108695652173,
                "Qwen3-235B": 0.5942753623188406,
                "Mistral-7B": 0.4981159420289855,
                "Qwen2.5-7B": 0.48567028985507255
            },
            "coherence": {
                "Llama-4-Maverick": 0.5558152173913044,
                "DeepSeek-V3": 0.5316485507246377,
                "CommandA": 0.5895289855072464,
                "GPT-4.1": 0.5909601449275361,
                "AyaExpanse-8B": 0.47916666666666663,
                "Llama-3.1-8B": 0.4681702898550724,
                "CommandR7B": 0.5131702898550725,
                "Claude-4": 0.5617210144927537,
                "AyaExpanse-32B": 0.5057789855072464,
                "Mistral-Medium": 0.5567572463768117,
                "Qwen3-235B": 0.589891304347826,
                "Mistral-7B": 0.44639492753623183,
                "Qwen2.5-7B": 0.4792753623188406
            },
            "naturalness": {
                "Llama-4-Maverick": 0.5067391304347826,
                "DeepSeek-V3": 0.5049456521739131,
                "CommandA": 0.531177536231884,
                "GPT-4.1": 0.538713768115942,
                "AyaExpanse-8B": 0.4372644927536232,
                "Llama-3.1-8B": 0.4000905797101449,
                "CommandR7B": 0.44228260869565217,
                "Claude-4": 0.5469202898550725,
                "AyaExpanse-32B": 0.46771739130434786,
                "Mistral-Medium": 0.5368297101449275,
                "Qwen3-235B": 0.5322101449275363,
                "Mistral-7B": 0.40155797101449275,
                "Qwen2.5-7B": 0.46307971014492755
            }
        }
    }
}