{
    "criterion_grouped_scores": {
        "acc_eq": {
            "instruction_following": {
                "Llama-4-Maverick": 0.5244746376811594,
                "DeepSeek-V3": 0.5791304347826086,
                "CommandA": 0.5872101449275362,
                "GPT-4.1": 0.5858695652173913,
                "AyaExpanse-8B": 0.5117028985507247,
                "Llama-3.1-8B": 0.44302536231884054,
                "CommandR7B": 0.5233695652173913,
                "Claude-4": 0.5707246376811594,
                "AyaExpanse-32B": 0.5263405797101449,
                "Mistral-Medium": 0.5545108695652173,
                "Qwen3-235B": 0.5942753623188406,
                "Mistral-7B": 0.4981159420289855,
                "Qwen2.5-7B": 0.48567028985507243
            },
            "coherence": {
                "Llama-4-Maverick": 0.5558152173913044,
                "DeepSeek-V3": 0.5316485507246377,
                "CommandA": 0.5895289855072463,
                "GPT-4.1": 0.5909601449275363,
                "AyaExpanse-8B": 0.4791666666666666,
                "Llama-3.1-8B": 0.4681702898550724,
                "CommandR7B": 0.5131702898550724,
                "Claude-4": 0.5617210144927536,
                "AyaExpanse-32B": 0.5057789855072463,
                "Mistral-Medium": 0.5567572463768117,
                "Qwen3-235B": 0.5898913043478261,
                "Mistral-7B": 0.4463949275362319,
                "Qwen2.5-7B": 0.4792753623188406
            },
            "naturalness": {
                "Llama-4-Maverick": 0.5067391304347826,
                "DeepSeek-V3": 0.504945652173913,
                "CommandA": 0.531177536231884,
                "GPT-4.1": 0.5387137681159421,
                "AyaExpanse-8B": 0.43726449275362317,
                "Llama-3.1-8B": 0.40009057971014494,
                "CommandR7B": 0.44228260869565217,
                "Claude-4": 0.5469202898550725,
                "AyaExpanse-32B": 0.46771739130434775,
                "Mistral-Medium": 0.5368297101449275,
                "Qwen3-235B": 0.5322101449275363,
                "Mistral-7B": 0.40155797101449275,
                "Qwen2.5-7B": 0.4630797101449275
            }
        }
    }
}