{
    "criterion_grouped_scores": {
        "acc_eq": {
            "instruction_following": {
                "Qwen2.5-3B-Instruct_h13": 0.3983695652173913
            },
            "naturalness": {
                "Qwen2.5-3B-Instruct_h13": 0.3581521739130435
            },
            "coherence": {
                "Qwen2.5-3B-Instruct_h13": 0.3715579710144928
            }
        }
    },
    "criterion_locale_grouped_scores": {
        "acc_eq": {
            "instruction_following": {
                "cs_CZ": {
                    "Qwen2.5-3B-Instruct_h13": 0.3983695652173913
                }
            },
            "naturalness": {
                "cs_CZ": {
                    "Qwen2.5-3B-Instruct_h13": 0.3581521739130435
                }
            },
            "coherence": {
                "cs_CZ": {
                    "Qwen2.5-3B-Instruct_h13": 0.3715579710144928
                }
            }
        }
    }
}