{
    "criterion_grouped_scores": {
        "acc_eq": {
            "instruction_following": {
                "gemma-4-E4B-it_h13": 0.5909420289855073
            },
            "naturalness": {
                "gemma-4-E4B-it_h13": 0.5536231884057972
            },
            "coherence": {
                "gemma-4-E4B-it_h13": 0.5292572463768116
            }
        }
    },
    "criterion_locale_grouped_scores": {
        "acc_eq": {
            "instruction_following": {
                "cs_CZ": {
                    "gemma-4-E4B-it_h13": 0.4336956521739131
                },
                "en_US": {
                    "gemma-4-E4B-it_h13": 0.7481884057971014
                }
            },
            "naturalness": {
                "cs_CZ": {
                    "gemma-4-E4B-it_h13": 0.47246376811594204
                },
                "en_US": {
                    "gemma-4-E4B-it_h13": 0.6347826086956522
                }
            },
            "coherence": {
                "cs_CZ": {
                    "gemma-4-E4B-it_h13": 0.42282608695652174
                },
                "en_US": {
                    "gemma-4-E4B-it_h13": 0.6356884057971014
                }
            }
        }
    }
}