{
    "criterion_grouped_scores": {
        "acc_eq": {
            "instruction_following": {
                "gemma-4-E4B-it_h23": 0.6012681159420289
            },
            "naturalness": {
                "gemma-4-E4B-it_h23": 0.554981884057971
            },
            "coherence": {
                "gemma-4-E4B-it_h23": 0.5369565217391304
            }
        }
    },
    "criterion_locale_grouped_scores": {
        "acc_eq": {
            "instruction_following": {
                "cs_CZ": {
                    "gemma-4-E4B-it_h23": 0.4557971014492755
                },
                "en_US": {
                    "gemma-4-E4B-it_h23": 0.7467391304347827
                }
            },
            "naturalness": {
                "cs_CZ": {
                    "gemma-4-E4B-it_h23": 0.47663043478260864
                },
                "en_US": {
                    "gemma-4-E4B-it_h23": 0.6333333333333332
                }
            },
            "coherence": {
                "cs_CZ": {
                    "gemma-4-E4B-it_h23": 0.42826086956521736
                },
                "en_US": {
                    "gemma-4-E4B-it_h23": 0.6456521739130435
                }
            }
        }
    }
}