{
    "criterion_grouped_scores": {
        "acc_eq": {
            "instruction_following": {
                "gemma-4-26B-A4B-it_hr25": 0.48496376811594205
            },
            "naturalness": {
                "gemma-4-26B-A4B-it_hr25": 0.48731884057971026
            },
            "coherence": {
                "gemma-4-26B-A4B-it_hr25": 0.43750000000000006
            }
        }
    },
    "criterion_locale_grouped_scores": {
        "acc_eq": {
            "instruction_following": {
                "cs_CZ": {
                    "gemma-4-26B-A4B-it_hr25": 0.48496376811594205
                }
            },
            "naturalness": {
                "cs_CZ": {
                    "gemma-4-26B-A4B-it_hr25": 0.48731884057971026
                }
            },
            "coherence": {
                "cs_CZ": {
                    "gemma-4-26B-A4B-it_hr25": 0.43750000000000006
                }
            }
        }
    }
}