{
    "ranking_accuracy": {
        "gemma-4-26B-A4B-it_hr25": 0.8898305084745762
    },
    "acc_eq_by_instruction_following": {
        "gemma-4-26B-A4B-it_hr25": 0.48496376811594205
    },
    "acc_eq_by_naturalness": {
        "gemma-4-26B-A4B-it_hr25": 0.48731884057971026
    },
    "acc_eq_by_coherence": {
        "gemma-4-26B-A4B-it_hr25": 0.43750000000000006
    },
    "acc_eq_average": {
        "gemma-4-26B-A4B-it_hr25": 0.46992753623188416
    },
    "criterion_grouped_scores": {
        "acc_eq": {
            "instruction_following": {
                "gemma-4-26B-A4B-it_hr25": 0.48496376811594205
            },
            "naturalness": {
                "gemma-4-26B-A4B-it_hr25": 0.48731884057971026
            },
            "coherence": {
                "gemma-4-26B-A4B-it_hr25": 0.43750000000000006
            }
        }
    }
}