{
    "ranking_accuracy": {
        "gemma-4-26B-A4B-it_h23": 0.788135593220339
    },
    "acc_eq_by_instruction_following": {
        "gemma-4-26B-A4B-it_h23": 0.6254528985507246
    },
    "acc_eq_by_naturalness": {
        "gemma-4-26B-A4B-it_h23": 0.5830615942028985
    },
    "acc_eq_by_coherence": {
        "gemma-4-26B-A4B-it_h23": 0.551358695652174
    },
    "acc_eq_average": {
        "gemma-4-26B-A4B-it_h23": 0.5866243961352656
    },
    "criterion_grouped_scores": {
        "acc_eq": {
            "instruction_following": {
                "gemma-4-26B-A4B-it_h23": 0.6254528985507246
            },
            "naturalness": {
                "gemma-4-26B-A4B-it_h23": 0.5830615942028985
            },
            "coherence": {
                "gemma-4-26B-A4B-it_h23": 0.551358695652174
            }
        }
    }
}