{
    "criterion_grouped_scores": {
        "acc_eq": {
            "instruction_following": {
                "gemma-3-12b-it_h23": 0.5973369565217391
            },
            "naturalness": {
                "gemma-3-12b-it_h23": 0.4975724637681159
            },
            "coherence": {
                "gemma-3-12b-it_h23": 0.5515036231884057
            }
        }
    },
    "criterion_locale_grouped_scores": {
        "acc_eq": {
            "instruction_following": {
                "ar_EG": {
                    "gemma-3-12b-it_h23": 0.6942028985507246
                },
                "bn_BD": {
                    "gemma-3-12b-it_h23": 0.49673913043478246
                },
                "cs_CZ": {
                    "gemma-3-12b-it_h23": 0.46141304347826084
                },
                "de_DE": {
                    "gemma-3-12b-it_h23": 0.567572463768116
                },
                "en_US": {
                    "gemma-3-12b-it_h23": 0.7527173913043478
                },
                "hi_IN": {
                    "gemma-3-12b-it_h23": 0.6628623188405798
                },
                "id_ID": {
                    "gemma-3-12b-it_h23": 0.5701086956521738
                },
                "ja_JP": {
                    "gemma-3-12b-it_h23": 0.4574275362318841
                },
                "ru_RU": {
                    "gemma-3-12b-it_h23": 0.6715579710144928
                },
                "zh_CN": {
                    "gemma-3-12b-it_h23": 0.638768115942029
                }
            },
            "naturalness": {
                "ar_EG": {
                    "gemma-3-12b-it_h23": 0.4318840579710145
                },
                "bn_BD": {
                    "gemma-3-12b-it_h23": 0.5266304347826086
                },
                "cs_CZ": {
                    "gemma-3-12b-it_h23": 0.49021739130434794
                },
                "de_DE": {
                    "gemma-3-12b-it_h23": 0.4407608695652174
                },
                "en_US": {
                    "gemma-3-12b-it_h23": 0.5619565217391305
                },
                "hi_IN": {
                    "gemma-3-12b-it_h23": 0.5440217391304347
                },
                "id_ID": {
                    "gemma-3-12b-it_h23": 0.4405797101449275
                },
                "ja_JP": {
                    "gemma-3-12b-it_h23": 0.5068840579710144
                },
                "ru_RU": {
                    "gemma-3-12b-it_h23": 0.4846014492753624
                },
                "zh_CN": {
                    "gemma-3-12b-it_h23": 0.5481884057971015
                }
            },
            "coherence": {
                "ar_EG": {
                    "gemma-3-12b-it_h23": 0.6271739130434782
                },
                "bn_BD": {
                    "gemma-3-12b-it_h23": 0.5123188405797102
                },
                "cs_CZ": {
                    "gemma-3-12b-it_h23": 0.4543478260869565
                },
                "de_DE": {
                    "gemma-3-12b-it_h23": 0.5432971014492753
                },
                "en_US": {
                    "gemma-3-12b-it_h23": 0.6277173913043478
                },
                "hi_IN": {
                    "gemma-3-12b-it_h23": 0.5916666666666667
                },
                "id_ID": {
                    "gemma-3-12b-it_h23": 0.4409420289855073
                },
                "ja_JP": {
                    "gemma-3-12b-it_h23": 0.5266304347826086
                },
                "ru_RU": {
                    "gemma-3-12b-it_h23": 0.5581521739130435
                },
                "zh_CN": {
                    "gemma-3-12b-it_h23": 0.6327898550724638
                }
            }
        }
    }
}