{
    "ranking_accuracy": {
        "gemma-3-12b-it_h23": 0.8666666666666667
    },
    "acc_eq_by_instruction_following": {
        "gemma-3-12b-it_h23": 0.5973369565217391
    },
    "acc_eq_by_naturalness": {
        "gemma-3-12b-it_h23": 0.4975724637681159
    },
    "acc_eq_by_coherence": {
        "gemma-3-12b-it_h23": 0.5515036231884057
    },
    "acc_eq_average": {
        "gemma-3-12b-it_h23": 0.548804347826087
    },
    "criterion_grouped_scores": {
        "acc_eq": {
            "instruction_following": {
                "gemma-3-12b-it_h23": 0.5973369565217391
            },
            "naturalness": {
                "gemma-3-12b-it_h23": 0.4975724637681159
            },
            "coherence": {
                "gemma-3-12b-it_h23": 0.5515036231884057
            }
        }
    }
}