{
    "criterion_grouped_scores": {
        "acc_eq": {
            "instruction_following": {
                "gemma-3-27b-it_h23": 0.544945652173913
            },
            "naturalness": {
                "gemma-3-27b-it_h23": 0.4890579710144928
            },
            "coherence": {
                "gemma-3-27b-it_h23": 0.5118115942028986
            }
        }
    },
    "criterion_locale_grouped_scores": {
        "acc_eq": {
            "instruction_following": {
                "ar_EG": {
                    "gemma-3-27b-it_h23": 0.6210144927536231
                },
                "bn_BD": {
                    "gemma-3-27b-it_h23": 0.5019927536231883
                },
                "cs_CZ": {
                    "gemma-3-27b-it_h23": 0.4661231884057971
                },
                "de_DE": {
                    "gemma-3-27b-it_h23": 0.49764492753623196
                },
                "en_US": {
                    "gemma-3-27b-it_h23": 0.582427536231884
                },
                "hi_IN": {
                    "gemma-3-27b-it_h23": 0.6007246376811594
                },
                "id_ID": {
                    "gemma-3-27b-it_h23": 0.5454710144927536
                },
                "ja_JP": {
                    "gemma-3-27b-it_h23": 0.4592391304347827
                },
                "ru_RU": {
                    "gemma-3-27b-it_h23": 0.5987318840579711
                },
                "zh_CN": {
                    "gemma-3-27b-it_h23": 0.5760869565217391
                }
            },
            "naturalness": {
                "ar_EG": {
                    "gemma-3-27b-it_h23": 0.425
                },
                "bn_BD": {
                    "gemma-3-27b-it_h23": 0.5184782608695652
                },
                "cs_CZ": {
                    "gemma-3-27b-it_h23": 0.5003623188405796
                },
                "de_DE": {
                    "gemma-3-27b-it_h23": 0.42608695652173906
                },
                "en_US": {
                    "gemma-3-27b-it_h23": 0.5297101449275362
                },
                "hi_IN": {
                    "gemma-3-27b-it_h23": 0.5233695652173914
                },
                "id_ID": {
                    "gemma-3-27b-it_h23": 0.43423913043478257
                },
                "ja_JP": {
                    "gemma-3-27b-it_h23": 0.5088768115942028
                },
                "ru_RU": {
                    "gemma-3-27b-it_h23": 0.4690217391304347
                },
                "zh_CN": {
                    "gemma-3-27b-it_h23": 0.5554347826086957
                }
            },
            "coherence": {
                "ar_EG": {
                    "gemma-3-27b-it_h23": 0.5875
                },
                "bn_BD": {
                    "gemma-3-27b-it_h23": 0.5110507246376812
                },
                "cs_CZ": {
                    "gemma-3-27b-it_h23": 0.45217391304347826
                },
                "de_DE": {
                    "gemma-3-27b-it_h23": 0.4960144927536231
                },
                "en_US": {
                    "gemma-3-27b-it_h23": 0.5041666666666667
                },
                "hi_IN": {
                    "gemma-3-27b-it_h23": 0.5621376811594204
                },
                "id_ID": {
                    "gemma-3-27b-it_h23": 0.4487318840579711
                },
                "ja_JP": {
                    "gemma-3-27b-it_h23": 0.492572463768116
                },
                "ru_RU": {
                    "gemma-3-27b-it_h23": 0.5139492753623188
                },
                "zh_CN": {
                    "gemma-3-27b-it_h23": 0.5498188405797102
                }
            }
        }
    }
}