{
    "criterion_grouped_scores": {
        "acc_eq": {
            "instruction_following": {
                "gemma-3-27b-it_h23": 0.5256340579710145
            },
            "naturalness": {
                "gemma-3-27b-it_h23": 0.515036231884058
            },
            "coherence": {
                "gemma-3-27b-it_h23": 0.4781702898550723
            }
        }
    },
    "criterion_locale_grouped_scores": {
        "acc_eq": {
            "instruction_following": {
                "cs_CZ": {
                    "gemma-3-27b-it_h23": 0.4661231884057972
                },
                "en_US": {
                    "gemma-3-27b-it_h23": 0.5851449275362319
                }
            },
            "naturalness": {
                "cs_CZ": {
                    "gemma-3-27b-it_h23": 0.5003623188405796
                },
                "en_US": {
                    "gemma-3-27b-it_h23": 0.5297101449275363
                }
            },
            "coherence": {
                "cs_CZ": {
                    "gemma-3-27b-it_h23": 0.45217391304347826
                },
                "en_US": {
                    "gemma-3-27b-it_h23": 0.5041666666666668
                }
            }
        }
    }
}