{
    "ranking_accuracy": {
        "gemma-3-27b-it_h23": 0.8991596638655462
    },
    "acc_eq_by_instruction_following": {
        "gemma-3-27b-it_h23": 0.5256340579710145
    },
    "acc_eq_by_naturalness": {
        "gemma-3-27b-it_h23": 0.515036231884058
    },
    "acc_eq_by_coherence": {
        "gemma-3-27b-it_h23": 0.4781702898550723
    },
    "acc_eq_average": {
        "gemma-3-27b-it_h23": 0.5062801932367149
    },
    "criterion_grouped_scores": {
        "acc_eq": {
            "instruction_following": {
                "gemma-3-27b-it_h23": 0.5256340579710145
            },
            "naturalness": {
                "gemma-3-27b-it_h23": 0.515036231884058
            },
            "coherence": {
                "gemma-3-27b-it_h23": 0.4781702898550723
            }
        }
    }
}