{
    "criterion_grouped_scores": {
        "acc_eq": {
            "instruction_following": {
                "aya-expanse-8b_pcsdeh2": 0.5866847826086956
            },
            "naturalness": {
                "aya-expanse-8b_pcsdeh2": 0.42083333333333334
            },
            "coherence": {
                "aya-expanse-8b_pcsdeh2": 0.5262228260869565
            }
        }
    },
    "criterion_locale_grouped_scores": {
        "acc_eq": {
            "instruction_following": {
                "cs_CZ": {
                    "aya-expanse-8b_pcsdeh2": 0.3675724637681159
                },
                "de_DE": {
                    "aya-expanse-8b_pcsdeh2": 0.576268115942029
                },
                "en_US": {
                    "aya-expanse-8b_pcsdeh2": 0.744927536231884
                },
                "ru_RU": {
                    "aya-expanse-8b_pcsdeh2": 0.6579710144927536
                }
            },
            "naturalness": {
                "cs_CZ": {
                    "aya-expanse-8b_pcsdeh2": 0.322463768115942
                },
                "de_DE": {
                    "aya-expanse-8b_pcsdeh2": 0.4014492753623189
                },
                "en_US": {
                    "aya-expanse-8b_pcsdeh2": 0.6101449275362318
                },
                "ru_RU": {
                    "aya-expanse-8b_pcsdeh2": 0.3492753623188406
                }
            },
            "coherence": {
                "cs_CZ": {
                    "aya-expanse-8b_pcsdeh2": 0.3045289855072464
                },
                "de_DE": {
                    "aya-expanse-8b_pcsdeh2": 0.5445652173913045
                },
                "en_US": {
                    "aya-expanse-8b_pcsdeh2": 0.6490942028985508
                },
                "ru_RU": {
                    "aya-expanse-8b_pcsdeh2": 0.6067028985507246
                }
            }
        }
    }
}