{
    "criterion_grouped_scores": {
        "acc_eq": {
            "instruction_following": {
                "aya-expanse-8b_pcsdeh5": 0.5886322463768117
            },
            "naturalness": {
                "aya-expanse-8b_pcsdeh5": 0.44044384057971014
            },
            "coherence": {
                "aya-expanse-8b_pcsdeh5": 0.5445199275362319
            }
        }
    },
    "criterion_locale_grouped_scores": {
        "acc_eq": {
            "instruction_following": {
                "cs_CZ": {
                    "aya-expanse-8b_pcsdeh5": 0.36521739130434777
                },
                "de_DE": {
                    "aya-expanse-8b_pcsdeh5": 0.586413043478261
                },
                "en_US": {
                    "aya-expanse-8b_pcsdeh5": 0.744927536231884
                },
                "ru_RU": {
                    "aya-expanse-8b_pcsdeh5": 0.6579710144927537
                }
            },
            "naturalness": {
                "cs_CZ": {
                    "aya-expanse-8b_pcsdeh5": 0.3170289855072464
                },
                "de_DE": {
                    "aya-expanse-8b_pcsdeh5": 0.47155797101449276
                },
                "en_US": {
                    "aya-expanse-8b_pcsdeh5": 0.6219202898550724
                },
                "ru_RU": {
                    "aya-expanse-8b_pcsdeh5": 0.35126811594202895
                }
            },
            "coherence": {
                "cs_CZ": {
                    "aya-expanse-8b_pcsdeh5": 0.30887681159420294
                },
                "de_DE": {
                    "aya-expanse-8b_pcsdeh5": 0.6123188405797101
                },
                "en_US": {
                    "aya-expanse-8b_pcsdeh5": 0.6485507246376812
                },
                "ru_RU": {
                    "aya-expanse-8b_pcsdeh5": 0.6083333333333333
                }
            }
        }
    }
}