{
    "ranking_accuracy": {
        "Selene-1-Mini-Llama-3.1-8B_pcsdeh5": 0.773109243697479
    },
    "acc_eq_by_instruction_following": {
        "Selene-1-Mini-Llama-3.1-8B_pcsdeh5": 0.5913496376811594
    },
    "acc_eq_by_naturalness": {
        "Selene-1-Mini-Llama-3.1-8B_pcsdeh5": 0.44578804347826084
    },
    "acc_eq_by_coherence": {
        "Selene-1-Mini-Llama-3.1-8B_pcsdeh5": 0.5495923913043478
    },
    "acc_eq_average": {
        "Selene-1-Mini-Llama-3.1-8B_pcsdeh5": 0.5289100241545893
    },
    "criterion_grouped_scores": {
        "acc_eq": {
            "instruction_following": {
                "Selene-1-Mini-Llama-3.1-8B_pcsdeh5": 0.5913496376811594
            },
            "naturalness": {
                "Selene-1-Mini-Llama-3.1-8B_pcsdeh5": 0.44578804347826084
            },
            "coherence": {
                "Selene-1-Mini-Llama-3.1-8B_pcsdeh5": 0.5495923913043478
            }
        }
    }
}