{
    "ranking_accuracy": {
        "Qwen3-8B_pcsdeh5": 0.8290598290598291
    },
    "acc_eq_by_instruction_following": {
        "Qwen3-8B_pcsdeh5": 0.600588768115942
    },
    "acc_eq_by_naturalness": {
        "Qwen3-8B_pcsdeh5": 0.49619565217391304
    },
    "acc_eq_by_coherence": {
        "Qwen3-8B_pcsdeh5": 0.5713768115942028
    },
    "acc_eq_average": {
        "Qwen3-8B_pcsdeh5": 0.5560537439613525
    },
    "criterion_grouped_scores": {
        "acc_eq": {
            "instruction_following": {
                "Qwen3-8B_pcsdeh5": 0.600588768115942
            },
            "naturalness": {
                "Qwen3-8B_pcsdeh5": 0.49619565217391304
            },
            "coherence": {
                "Qwen3-8B_pcsdeh5": 0.5713768115942028
            }
        }
    }
}