{
    "criterion_grouped_scores": {
        "acc_eq": {
            "instruction_following": {
                "Qwen3-8B_pcsdeh5": 0.600588768115942
            },
            "naturalness": {
                "Qwen3-8B_pcsdeh5": 0.49619565217391304
            },
            "coherence": {
                "Qwen3-8B_pcsdeh5": 0.5713768115942028
            }
        }
    },
    "criterion_locale_grouped_scores": {
        "acc_eq": {
            "instruction_following": {
                "cs_CZ": {
                    "Qwen3-8B_pcsdeh5": 0.41358695652173905
                },
                "de_DE": {
                    "Qwen3-8B_pcsdeh5": 0.5922101449275362
                },
                "en_US": {
                    "Qwen3-8B_pcsdeh5": 0.729891304347826
                },
                "ru_RU": {
                    "Qwen3-8B_pcsdeh5": 0.6666666666666667
                }
            },
            "naturalness": {
                "cs_CZ": {
                    "Qwen3-8B_pcsdeh5": 0.44365942028985506
                },
                "de_DE": {
                    "Qwen3-8B_pcsdeh5": 0.46068840579710146
                },
                "en_US": {
                    "Qwen3-8B_pcsdeh5": 0.613768115942029
                },
                "ru_RU": {
                    "Qwen3-8B_pcsdeh5": 0.4666666666666666
                }
            },
            "coherence": {
                "cs_CZ": {
                    "Qwen3-8B_pcsdeh5": 0.4068840579710145
                },
                "de_DE": {
                    "Qwen3-8B_pcsdeh5": 0.5918478260869565
                },
                "en_US": {
                    "Qwen3-8B_pcsdeh5": 0.6456521739130434
                },
                "ru_RU": {
                    "Qwen3-8B_pcsdeh5": 0.6411231884057971
                }
            }
        }
    }
}