{
    "ranking_accuracy": {
        "Qwen3-14B_pcsh5": 0.8148148148148148
    },
    "acc_eq_by_instruction_following": {
        "Qwen3-14B_pcsh5": 0.4182971014492753
    },
    "acc_eq_by_naturalness": {
        "Qwen3-14B_pcsh5": 0.42952898550724644
    },
    "acc_eq_by_coherence": {
        "Qwen3-14B_pcsh5": 0.3760869565217391
    },
    "acc_eq_average": {
        "Qwen3-14B_pcsh5": 0.4079710144927536
    },
    "criterion_grouped_scores": {
        "acc_eq": {
            "instruction_following": {
                "Qwen3-14B_pcsh5": 0.4182971014492753
            },
            "naturalness": {
                "Qwen3-14B_pcsh5": 0.42952898550724644
            },
            "coherence": {
                "Qwen3-14B_pcsh5": 0.3760869565217391
            }
        }
    }
}