{
    "criterion_grouped_scores": {
        "acc_eq": {
            "instruction_following": {
                "Qwen3-14B_pcsh5": 0.4182971014492753
            },
            "naturalness": {
                "Qwen3-14B_pcsh5": 0.42952898550724644
            },
            "coherence": {
                "Qwen3-14B_pcsh5": 0.3760869565217391
            }
        }
    },
    "criterion_locale_grouped_scores": {
        "acc_eq": {
            "instruction_following": {
                "cs_CZ": {
                    "Qwen3-14B_pcsh5": 0.4182971014492753
                }
            },
            "naturalness": {
                "cs_CZ": {
                    "Qwen3-14B_pcsh5": 0.42952898550724644
                }
            },
            "coherence": {
                "cs_CZ": {
                    "Qwen3-14B_pcsh5": 0.3760869565217391
                }
            }
        }
    }
}