{
    "ranking_accuracy": {
        "llama-4-maverick": 0.8189655172413793
    },
    "acc_eq_by_instruction_following": {
        "llama-4-maverick": 0.4344202898550725
    },
    "acc_eq_by_naturalness": {
        "llama-4-maverick": 0.46902173913043477
    },
    "acc_eq_by_coherence": {
        "llama-4-maverick": 0.43152173913043473
    },
    "acc_eq_average": {
        "llama-4-maverick": 0.44498792270531395
    },
    "criterion_grouped_scores": {
        "acc_eq": {
            "instruction_following": {
                "llama-4-maverick": 0.4344202898550725
            },
            "naturalness": {
                "llama-4-maverick": 0.46902173913043477
            },
            "coherence": {
                "llama-4-maverick": 0.43152173913043473
            }
        }
    }
}