{
    "ranking_accuracy": {
        "aya-expanse-8b": 0.7966101694915254
    },
    "acc_eq_by_instruction_following": {
        "aya-expanse-8b": 0.3476449275362319
    },
    "acc_eq_by_naturalness": {
        "aya-expanse-8b": 0.3519927536231884
    },
    "acc_eq_by_coherence": {
        "aya-expanse-8b": 0.3557971014492753
    },
    "acc_eq_average": {
        "aya-expanse-8b": 0.35181159420289854
    },
    "criterion_grouped_scores": {
        "acc_eq": {
            "instruction_following": {
                "aya-expanse-8b": 0.3476449275362319
            },
            "naturalness": {
                "aya-expanse-8b": 0.3519927536231884
            },
            "coherence": {
                "aya-expanse-8b": 0.3557971014492753
            }
        }
    }
}