{
    "ranking_accuracy": {
        "Llama-3.1-8B-Instruct": 0.6583333333333333
    },
    "acc_eq_by_instruction_following": {
        "Llama-3.1-8B-Instruct": 0.4897463768115942
    },
    "acc_eq_by_naturalness": {
        "Llama-3.1-8B-Instruct": 0.40639492753623185
    },
    "acc_eq_by_coherence": {
        "Llama-3.1-8B-Instruct": 0.46539855072463765
    },
    "acc_eq_average": {
        "Llama-3.1-8B-Instruct": 0.4538466183574879
    },
    "criterion_grouped_scores": {
        "acc_eq": {
            "instruction_following": {
                "Llama-3.1-8B-Instruct": 0.4897463768115942
            },
            "naturalness": {
                "Llama-3.1-8B-Instruct": 0.40639492753623185
            },
            "coherence": {
                "Llama-3.1-8B-Instruct": 0.46539855072463765
            }
        }
    }
}