{
    "ranking_accuracy": {
        "aya-expanse-8b_pcsdeh2": 0.3697478991596639
    },
    "acc_eq_by_instruction_following": {
        "aya-expanse-8b_pcsdeh2": 0.5866847826086956
    },
    "acc_eq_by_naturalness": {
        "aya-expanse-8b_pcsdeh2": 0.42083333333333334
    },
    "acc_eq_by_coherence": {
        "aya-expanse-8b_pcsdeh2": 0.5262228260869565
    },
    "acc_eq_average": {
        "aya-expanse-8b_pcsdeh2": 0.5112469806763285
    },
    "criterion_grouped_scores": {
        "acc_eq": {
            "instruction_following": {
                "aya-expanse-8b_pcsdeh2": 0.5866847826086956
            },
            "naturalness": {
                "aya-expanse-8b_pcsdeh2": 0.42083333333333334
            },
            "coherence": {
                "aya-expanse-8b_pcsdeh2": 0.5262228260869565
            }
        }
    }
}