{
    "ranking_accuracy": {
        "aya-expanse-8b_pcsdeh4": 0.30434782608695654
    },
    "acc_eq_by_instruction_following": {
        "aya-expanse-8b_pcsdeh4": 0.5886322463768117
    },
    "acc_eq_by_naturalness": {
        "aya-expanse-8b_pcsdeh4": 0.4348278985507246
    },
    "acc_eq_by_coherence": {
        "aya-expanse-8b_pcsdeh4": 0.5443387681159421
    },
    "acc_eq_average": {
        "aya-expanse-8b_pcsdeh4": 0.5225996376811595
    },
    "criterion_grouped_scores": {
        "acc_eq": {
            "instruction_following": {
                "aya-expanse-8b_pcsdeh4": 0.5886322463768117
            },
            "naturalness": {
                "aya-expanse-8b_pcsdeh4": 0.4348278985507246
            },
            "coherence": {
                "aya-expanse-8b_pcsdeh4": 0.5443387681159421
            }
        }
    }
}