{
    "ranking_accuracy": {
        "aya-expanse-8b_pcsdeh5": 0.3504273504273504
    },
    "acc_eq_by_instruction_following": {
        "aya-expanse-8b_pcsdeh5": 0.5886322463768117
    },
    "acc_eq_by_naturalness": {
        "aya-expanse-8b_pcsdeh5": 0.44044384057971014
    },
    "acc_eq_by_coherence": {
        "aya-expanse-8b_pcsdeh5": 0.5445199275362319
    },
    "acc_eq_average": {
        "aya-expanse-8b_pcsdeh5": 0.524532004830918
    },
    "criterion_grouped_scores": {
        "acc_eq": {
            "instruction_following": {
                "aya-expanse-8b_pcsdeh5": 0.5886322463768117
            },
            "naturalness": {
                "aya-expanse-8b_pcsdeh5": 0.44044384057971014
            },
            "coherence": {
                "aya-expanse-8b_pcsdeh5": 0.5445199275362319
            }
        }
    }
}