{
    "criterion_grouped_scores": {
        "acc_eq": {
            "instruction_following": {
                "EuroLLM-22B-Instruct-2512_h23": 0.451268115942029
            },
            "naturalness": {
                "EuroLLM-22B-Instruct-2512_h23": 0.4064311594202899
            },
            "coherence": {
                "EuroLLM-22B-Instruct-2512_h23": 0.43994565217391307
            }
        }
    },
    "criterion_locale_grouped_scores": {
        "acc_eq": {
            "instruction_following": {
                "cs_CZ": {
                    "EuroLLM-22B-Instruct-2512_h23": 0.40471014492753615
                },
                "en_US": {
                    "EuroLLM-22B-Instruct-2512_h23": 0.4978260869565217
                }
            },
            "naturalness": {
                "cs_CZ": {
                    "EuroLLM-22B-Instruct-2512_h23": 0.3826086956521739
                },
                "en_US": {
                    "EuroLLM-22B-Instruct-2512_h23": 0.43025362318840576
                }
            },
            "coherence": {
                "cs_CZ": {
                    "EuroLLM-22B-Instruct-2512_h23": 0.3572463768115942
                },
                "en_US": {
                    "EuroLLM-22B-Instruct-2512_h23": 0.5226449275362319
                }
            }
        }
    }
}