{
    "criterion_grouped_scores": {
        "acc_eq": {
            "instruction_following": {
                "gemma-4-31B-it_hcs27": 0.6227355072463768
            },
            "naturalness": {
                "gemma-4-31B-it_hcs27": 0.563768115942029
            },
            "coherence": {
                "gemma-4-31B-it_hcs27": 0.5625905797101449
            }
        }
    },
    "criterion_locale_grouped_scores": {
        "acc_eq": {
            "instruction_following": {
                "cs_CZ": {
                    "gemma-4-31B-it_hcs27": 0.5086956521739131
                },
                "en_US": {
                    "gemma-4-31B-it_hcs27": 0.7367753623188406
                }
            },
            "naturalness": {
                "cs_CZ": {
                    "gemma-4-31B-it_hcs27": 0.5289855072463768
                },
                "en_US": {
                    "gemma-4-31B-it_hcs27": 0.5985507246376812
                }
            },
            "coherence": {
                "cs_CZ": {
                    "gemma-4-31B-it_hcs27": 0.49510869565217397
                },
                "en_US": {
                    "gemma-4-31B-it_hcs27": 0.6300724637681159
                }
            }
        }
    }
}