{
    "ranking_accuracy": {
        "Qwen3.5-35B-A3B_pcshr7": 0.8559322033898306
    },
    "acc_eq_by_instruction_following": {
        "Qwen3.5-35B-A3B_pcshr7": 0.4465579710144928
    },
    "acc_eq_by_naturalness": {
        "Qwen3.5-35B-A3B_pcshr7": 0.30887681159420294
    },
    "acc_eq_by_coherence": {
        "Qwen3.5-35B-A3B_pcshr7": 0.38369565217391316
    },
    "acc_eq_average": {
        "Qwen3.5-35B-A3B_pcshr7": 0.37971014492753635
    },
    "criterion_grouped_scores": {
        "acc_eq": {
            "instruction_following": {
                "Qwen3.5-35B-A3B_pcshr7": 0.4465579710144928
            },
            "naturalness": {
                "Qwen3.5-35B-A3B_pcshr7": 0.30887681159420294
            },
            "coherence": {
                "Qwen3.5-35B-A3B_pcshr7": 0.38369565217391316
            }
        }
    }
}