{
    "criterion_grouped_scores": {
        "acc_eq": {
            "instruction_following": {
                "Qwen3.5-35B-A3B_pcshr7": 0.4623188405797101
            },
            "naturalness": {
                "Qwen3.5-35B-A3B_pcshr7": 0.5181159420289856
            },
            "coherence": {
                "Qwen3.5-35B-A3B_pcshr7": 0.48460144927536225
            }
        }
    },
    "criterion_locale_grouped_scores": {
        "acc_eq": {
            "instruction_following": {
                "cs_CZ": {
                    "Qwen3.5-35B-A3B_pcshr7": 0.4623188405797101
                }
            },
            "naturalness": {
                "cs_CZ": {
                    "Qwen3.5-35B-A3B_pcshr7": 0.5181159420289856
                }
            },
            "coherence": {
                "cs_CZ": {
                    "Qwen3.5-35B-A3B_pcshr7": 0.48460144927536225
                }
            }
        }
    }
}