{
    "ranking_accuracy": {
        "Qwen3.5-35B-A3B_h10": 0.8823529411764706
    },
    "acc_eq_by_instruction_following": {
        "Qwen3.5-35B-A3B_h10": 0.6081521739130435
    },
    "acc_eq_by_naturalness": {
        "Qwen3.5-35B-A3B_h10": 0.5327445652173913
    },
    "acc_eq_by_coherence": {
        "Qwen3.5-35B-A3B_h10": 0.5763134057971014
    },
    "acc_eq_average": {
        "Qwen3.5-35B-A3B_h10": 0.5724033816425121
    },
    "criterion_grouped_scores": {
        "acc_eq": {
            "instruction_following": {
                "Qwen3.5-35B-A3B_h10": 0.6081521739130435
            },
            "naturalness": {
                "Qwen3.5-35B-A3B_h10": 0.5327445652173913
            },
            "coherence": {
                "Qwen3.5-35B-A3B_h10": 0.5763134057971014
            }
        }
    }
}