{
    "criterion_grouped_scores": {
        "acc_eq": {
            "instruction_following": {
                "Qwen3.5-35B-A3B_hcs21": 0.5882246376811594
            },
            "naturalness": {
                "Qwen3.5-35B-A3B_hcs21": 0.5816123188405797
            },
            "coherence": {
                "Qwen3.5-35B-A3B_hcs21": 0.5728260869565218
            }
        }
    },
    "criterion_locale_grouped_scores": {
        "acc_eq": {
            "instruction_following": {
                "cs_CZ": {
                    "Qwen3.5-35B-A3B_hcs21": 0.4596014492753624
                },
                "en_US": {
                    "Qwen3.5-35B-A3B_hcs21": 0.7168478260869565
                }
            },
            "naturalness": {
                "cs_CZ": {
                    "Qwen3.5-35B-A3B_hcs21": 0.5440217391304348
                },
                "en_US": {
                    "Qwen3.5-35B-A3B_hcs21": 0.6192028985507246
                }
            },
            "coherence": {
                "cs_CZ": {
                    "Qwen3.5-35B-A3B_hcs21": 0.5003623188405796
                },
                "en_US": {
                    "Qwen3.5-35B-A3B_hcs21": 0.6452898550724637
                }
            }
        }
    }
}