{
    "criterion_grouped_scores": {
        "acc_eq": {
            "instruction_following": {
                "Qwen3.5-35B-A3B_hcs25": 0.5724637681159419
            },
            "naturalness": {
                "Qwen3.5-35B-A3B_hcs25": 0.5808876811594202
            },
            "coherence": {
                "Qwen3.5-35B-A3B_hcs25": 0.5693840579710144
            }
        }
    },
    "criterion_locale_grouped_scores": {
        "acc_eq": {
            "instruction_following": {
                "cs_CZ": {
                    "Qwen3.5-35B-A3B_hcs25": 0.42771739130434777
                },
                "en_US": {
                    "Qwen3.5-35B-A3B_hcs25": 0.7172101449275361
                }
            },
            "naturalness": {
                "cs_CZ": {
                    "Qwen3.5-35B-A3B_hcs25": 0.542572463768116
                },
                "en_US": {
                    "Qwen3.5-35B-A3B_hcs25": 0.6192028985507246
                }
            },
            "coherence": {
                "cs_CZ": {
                    "Qwen3.5-35B-A3B_hcs25": 0.49347826086956526
                },
                "en_US": {
                    "Qwen3.5-35B-A3B_hcs25": 0.6452898550724638
                }
            }
        }
    }
}