{
    "criterion_grouped_scores": {
        "acc_eq": {
            "instruction_following": {
                "Qwen3.5-35B-A3B_hcs26": 0.5946557971014492
            },
            "naturalness": {
                "Qwen3.5-35B-A3B_hcs26": 0.581159420289855
            },
            "coherence": {
                "Qwen3.5-35B-A3B_hcs26": 0.56875
            }
        }
    },
    "criterion_locale_grouped_scores": {
        "acc_eq": {
            "instruction_following": {
                "cs_CZ": {
                    "Qwen3.5-35B-A3B_hcs26": 0.4751811594202898
                },
                "en_US": {
                    "Qwen3.5-35B-A3B_hcs26": 0.7141304347826086
                }
            },
            "naturalness": {
                "cs_CZ": {
                    "Qwen3.5-35B-A3B_hcs26": 0.5431159420289855
                },
                "en_US": {
                    "Qwen3.5-35B-A3B_hcs26": 0.6192028985507246
                }
            },
            "coherence": {
                "cs_CZ": {
                    "Qwen3.5-35B-A3B_hcs26": 0.4920289855072464
                },
                "en_US": {
                    "Qwen3.5-35B-A3B_hcs26": 0.6454710144927537
                }
            }
        }
    }
}