{
    "criterion_grouped_scores": {
        "acc_eq": {
            "instruction_following": {
                "Qwen3.5-35B-A3B_h13": 0.558786231884058
            },
            "naturalness": {
                "Qwen3.5-35B-A3B_h13": 0.5284239130434782
            },
            "coherence": {
                "Qwen3.5-35B-A3B_h13": 0.5478804347826086
            }
        }
    },
    "criterion_locale_grouped_scores": {
        "acc_eq": {
            "instruction_following": {
                "ar_EG": {
                    "Qwen3.5-35B-A3B_h13": 0.6335144927536233
                },
                "bn_BD": {
                    "Qwen3.5-35B-A3B_h13": 0.47391304347826096
                },
                "cs_CZ": {
                    "Qwen3.5-35B-A3B_h13": 0.49311594202898534
                },
                "de_DE": {
                    "Qwen3.5-35B-A3B_h13": 0.5197463768115942
                },
                "en_US": {
                    "Qwen3.5-35B-A3B_h13": 0.6210144927536233
                },
                "hi_IN": {
                    "Qwen3.5-35B-A3B_h13": 0.6146739130434782
                },
                "id_ID": {
                    "Qwen3.5-35B-A3B_h13": 0.5494565217391304
                },
                "ja_JP": {
                    "Qwen3.5-35B-A3B_h13": 0.49329710144927535
                },
                "ru_RU": {
                    "Qwen3.5-35B-A3B_h13": 0.614855072463768
                },
                "zh_CN": {
                    "Qwen3.5-35B-A3B_h13": 0.5742753623188406
                }
            },
            "naturalness": {
                "ar_EG": {
                    "Qwen3.5-35B-A3B_h13": 0.4318840579710145
                },
                "bn_BD": {
                    "Qwen3.5-35B-A3B_h13": 0.5342391304347825
                },
                "cs_CZ": {
                    "Qwen3.5-35B-A3B_h13": 0.5315217391304348
                },
                "de_DE": {
                    "Qwen3.5-35B-A3B_h13": 0.4608695652173912
                },
                "en_US": {
                    "Qwen3.5-35B-A3B_h13": 0.5889492753623188
                },
                "hi_IN": {
                    "Qwen3.5-35B-A3B_h13": 0.5494565217391304
                },
                "id_ID": {
                    "Qwen3.5-35B-A3B_h13": 0.48550724637681164
                },
                "ja_JP": {
                    "Qwen3.5-35B-A3B_h13": 0.533695652173913
                },
                "ru_RU": {
                    "Qwen3.5-35B-A3B_h13": 0.5480072463768116
                },
                "zh_CN": {
                    "Qwen3.5-35B-A3B_h13": 0.6201086956521739
                }
            },
            "coherence": {
                "ar_EG": {
                    "Qwen3.5-35B-A3B_h13": 0.6550724637681161
                },
                "bn_BD": {
                    "Qwen3.5-35B-A3B_h13": 0.50018115942029
                },
                "cs_CZ": {
                    "Qwen3.5-35B-A3B_h13": 0.5077898550724637
                },
                "de_DE": {
                    "Qwen3.5-35B-A3B_h13": 0.49673913043478274
                },
                "en_US": {
                    "Qwen3.5-35B-A3B_h13": 0.526268115942029
                },
                "hi_IN": {
                    "Qwen3.5-35B-A3B_h13": 0.6010869565217393
                },
                "id_ID": {
                    "Qwen3.5-35B-A3B_h13": 0.4963768115942029
                },
                "ja_JP": {
                    "Qwen3.5-35B-A3B_h13": 0.5418478260869566
                },
                "ru_RU": {
                    "Qwen3.5-35B-A3B_h13": 0.5748188405797101
                },
                "zh_CN": {
                    "Qwen3.5-35B-A3B_h13": 0.5786231884057971
                }
            }
        }
    }
}