{
    "ranking_accuracy": {
        "Qwen3.5-35B-A3B_h13": 0.9333333333333333
    },
    "acc_eq_by_instruction_following": {
        "Qwen3.5-35B-A3B_h13": 0.558786231884058
    },
    "acc_eq_by_naturalness": {
        "Qwen3.5-35B-A3B_h13": 0.5284239130434782
    },
    "acc_eq_by_coherence": {
        "Qwen3.5-35B-A3B_h13": 0.5478804347826086
    },
    "acc_eq_average": {
        "Qwen3.5-35B-A3B_h13": 0.5450301932367149
    },
    "criterion_grouped_scores": {
        "acc_eq": {
            "instruction_following": {
                "Qwen3.5-35B-A3B_h13": 0.558786231884058
            },
            "naturalness": {
                "Qwen3.5-35B-A3B_h13": 0.5284239130434782
            },
            "coherence": {
                "Qwen3.5-35B-A3B_h13": 0.5478804347826086
            }
        }
    }
}