{
    "ranking_accuracy": {
        "Qwen3.5-35B-A3B_h15": 0.9166666666666666
    },
    "acc_eq_by_instruction_following": {
        "Qwen3.5-35B-A3B_h15": 0.5602898550724638
    },
    "acc_eq_by_naturalness": {
        "Qwen3.5-35B-A3B_h15": 0.522409420289855
    },
    "acc_eq_by_coherence": {
        "Qwen3.5-35B-A3B_h15": 0.5659057971014493
    },
    "acc_eq_average": {
        "Qwen3.5-35B-A3B_h15": 0.5495350241545894
    },
    "criterion_grouped_scores": {
        "acc_eq": {
            "instruction_following": {
                "Qwen3.5-35B-A3B_h15": 0.5602898550724638
            },
            "naturalness": {
                "Qwen3.5-35B-A3B_h15": 0.522409420289855
            },
            "coherence": {
                "Qwen3.5-35B-A3B_h15": 0.5659057971014493
            }
        }
    }
}