{
    "ranking_accuracy": {
        "Qwen3.5-35B-A3B_h16": 0.9166666666666666
    },
    "acc_eq_by_instruction_following": {
        "Qwen3.5-35B-A3B_h16": 0.5330253623188406
    },
    "acc_eq_by_naturalness": {
        "Qwen3.5-35B-A3B_h16": 0.5226086956521739
    },
    "acc_eq_by_coherence": {
        "Qwen3.5-35B-A3B_h16": 0.566304347826087
    },
    "acc_eq_average": {
        "Qwen3.5-35B-A3B_h16": 0.5406461352657005
    },
    "criterion_grouped_scores": {
        "acc_eq": {
            "instruction_following": {
                "Qwen3.5-35B-A3B_h16": 0.5330253623188406
            },
            "naturalness": {
                "Qwen3.5-35B-A3B_h16": 0.5226086956521739
            },
            "coherence": {
                "Qwen3.5-35B-A3B_h16": 0.566304347826087
            }
        }
    }
}