{
    "ranking_accuracy": {
        "Qwen3.5-35B-A3B_hcs18": 0.8050847457627118
    },
    "acc_eq_by_instruction_following": {
        "Qwen3.5-35B-A3B_hcs18": 0.5846014492753623
    },
    "acc_eq_by_naturalness": {
        "Qwen3.5-35B-A3B_hcs18": 0.5826086956521739
    },
    "acc_eq_by_coherence": {
        "Qwen3.5-35B-A3B_hcs18": 0.566123188405797
    },
    "acc_eq_average": {
        "Qwen3.5-35B-A3B_hcs18": 0.5777777777777776
    },
    "criterion_grouped_scores": {
        "acc_eq": {
            "instruction_following": {
                "Qwen3.5-35B-A3B_hcs18": 0.5846014492753623
            },
            "naturalness": {
                "Qwen3.5-35B-A3B_hcs18": 0.5826086956521739
            },
            "coherence": {
                "Qwen3.5-35B-A3B_hcs18": 0.566123188405797
            }
        }
    }
}