{
    "criterion_grouped_scores": {
        "acc_eq": {
            "instruction_following": {
                "Qwen3.5-35B-A3B_hcs20": 0.5934782608695652
            },
            "naturalness": {
                "Qwen3.5-35B-A3B_hcs20": 0.5816123188405797
            },
            "coherence": {
                "Qwen3.5-35B-A3B_hcs20": 0.5692028985507246
            }
        }
    },
    "criterion_locale_grouped_scores": {
        "acc_eq": {
            "instruction_following": {
                "cs_CZ": {
                    "Qwen3.5-35B-A3B_hcs20": 0.4701086956521739
                },
                "en_US": {
                    "Qwen3.5-35B-A3B_hcs20": 0.7168478260869565
                }
            },
            "naturalness": {
                "cs_CZ": {
                    "Qwen3.5-35B-A3B_hcs20": 0.544021739130435
                },
                "en_US": {
                    "Qwen3.5-35B-A3B_hcs20": 0.6192028985507246
                }
            },
            "coherence": {
                "cs_CZ": {
                    "Qwen3.5-35B-A3B_hcs20": 0.4905797101449275
                },
                "en_US": {
                    "Qwen3.5-35B-A3B_hcs20": 0.6478260869565218
                }
            }
        }
    }
}