{
    "ranking_accuracy": {
        "Qwen3.5-35B-A3B_h11": 0.8823529411764706
    },
    "acc_eq_by_instruction_following": {
        "Qwen3.5-35B-A3B_h11": 0.601086956521739
    },
    "acc_eq_by_naturalness": {
        "Qwen3.5-35B-A3B_h11": 0.531838768115942
    },
    "acc_eq_by_coherence": {
        "Qwen3.5-35B-A3B_h11": 0.5757246376811594
    },
    "acc_eq_average": {
        "Qwen3.5-35B-A3B_h11": 0.5695501207729469
    },
    "criterion_grouped_scores": {
        "acc_eq": {
            "instruction_following": {
                "Qwen3.5-35B-A3B_h11": 0.601086956521739
            },
            "naturalness": {
                "Qwen3.5-35B-A3B_h11": 0.531838768115942
            },
            "coherence": {
                "Qwen3.5-35B-A3B_h11": 0.5757246376811594
            }
        }
    }
}