{
    "ranking_accuracy": {
        "Qwen3.5-35B-A3B_hc12": 0.8559322033898306
    },
    "acc_eq_by_instruction_following": {
        "Qwen3.5-35B-A3B_hc12": 0.5703804347826086
    },
    "acc_eq_by_naturalness": {
        "Qwen3.5-35B-A3B_hc12": 0.5817934782608696
    },
    "acc_eq_by_coherence": {
        "Qwen3.5-35B-A3B_hc12": 0.5318840579710145
    },
    "acc_eq_average": {
        "Qwen3.5-35B-A3B_hc12": 0.5613526570048308
    },
    "criterion_grouped_scores": {
        "acc_eq": {
            "instruction_following": {
                "Qwen3.5-35B-A3B_hc12": 0.5703804347826086
            },
            "naturalness": {
                "Qwen3.5-35B-A3B_hc12": 0.5817934782608696
            },
            "coherence": {
                "Qwen3.5-35B-A3B_hc12": 0.5318840579710145
            }
        }
    }
}