{
    "criterion_grouped_scores": {
        "acc_eq": {
            "instruction_following": {
                "Qwen3.5-35B-A3B_hc12": 0.5523550724637681
            },
            "naturalness": {
                "Qwen3.5-35B-A3B_hc12": 0.5430615942028986
            },
            "coherence": {
                "Qwen3.5-35B-A3B_hc12": 0.5643659420289855
            }
        }
    },
    "criterion_locale_grouped_scores": {
        "acc_eq": {
            "instruction_following": {
                "ar_EG": {
                    "Qwen3.5-35B-A3B_hc12": 0.591304347826087
                },
                "bn_BD": {
                    "Qwen3.5-35B-A3B_hc12": 0.5056159420289855
                },
                "cs_CZ": {
                    "Qwen3.5-35B-A3B_hc12": 0.4903985507246376
                },
                "de_DE": {
                    "Qwen3.5-35B-A3B_hc12": 0.5079710144927536
                },
                "en_US": {
                    "Qwen3.5-35B-A3B_hc12": 0.6552536231884057
                },
                "hi_IN": {
                    "Qwen3.5-35B-A3B_hc12": 0.5721014492753623
                },
                "id_ID": {
                    "Qwen3.5-35B-A3B_hc12": 0.5286231884057971
                },
                "ja_JP": {
                    "Qwen3.5-35B-A3B_hc12": 0.4835144927536231
                },
                "ru_RU": {
                    "Qwen3.5-35B-A3B_hc12": 0.6179347826086955
                },
                "zh_CN": {
                    "Qwen3.5-35B-A3B_hc12": 0.5708333333333333
                }
            },
            "naturalness": {
                "ar_EG": {
                    "Qwen3.5-35B-A3B_hc12": 0.48749999999999993
                },
                "bn_BD": {
                    "Qwen3.5-35B-A3B_hc12": 0.5346014492753622
                },
                "cs_CZ": {
                    "Qwen3.5-35B-A3B_hc12": 0.5338768115942029
                },
                "de_DE": {
                    "Qwen3.5-35B-A3B_hc12": 0.4530797101449275
                },
                "en_US": {
                    "Qwen3.5-35B-A3B_hc12": 0.62481884057971
                },
                "hi_IN": {
                    "Qwen3.5-35B-A3B_hc12": 0.555072463768116
                },
                "id_ID": {
                    "Qwen3.5-35B-A3B_hc12": 0.49039855072463767
                },
                "ja_JP": {
                    "Qwen3.5-35B-A3B_hc12": 0.556340579710145
                },
                "ru_RU": {
                    "Qwen3.5-35B-A3B_hc12": 0.5690217391304347
                },
                "zh_CN": {
                    "Qwen3.5-35B-A3B_hc12": 0.6259057971014493
                }
            },
            "coherence": {
                "ar_EG": {
                    "Qwen3.5-35B-A3B_hc12": 0.6494565217391305
                },
                "bn_BD": {
                    "Qwen3.5-35B-A3B_hc12": 0.5115942028985507
                },
                "cs_CZ": {
                    "Qwen3.5-35B-A3B_hc12": 0.46249999999999997
                },
                "de_DE": {
                    "Qwen3.5-35B-A3B_hc12": 0.5713768115942028
                },
                "en_US": {
                    "Qwen3.5-35B-A3B_hc12": 0.5976449275362318
                },
                "hi_IN": {
                    "Qwen3.5-35B-A3B_hc12": 0.6125
                },
                "id_ID": {
                    "Qwen3.5-35B-A3B_hc12": 0.4731884057971014
                },
                "ja_JP": {
                    "Qwen3.5-35B-A3B_hc12": 0.5478260869565218
                },
                "ru_RU": {
                    "Qwen3.5-35B-A3B_hc12": 0.5849637681159421
                },
                "zh_CN": {
                    "Qwen3.5-35B-A3B_hc12": 0.6326086956521738
                }
            }
        }
    }
}