{
    "ranking_accuracy": {
        "Qwen3.5-35B-A3B_hc12": 0.9333333333333333
    },
    "acc_eq_by_instruction_following": {
        "Qwen3.5-35B-A3B_hc12": 0.5523550724637681
    },
    "acc_eq_by_naturalness": {
        "Qwen3.5-35B-A3B_hc12": 0.5430615942028986
    },
    "acc_eq_by_coherence": {
        "Qwen3.5-35B-A3B_hc12": 0.5643659420289855
    },
    "acc_eq_average": {
        "Qwen3.5-35B-A3B_hc12": 0.5532608695652174
    },
    "criterion_grouped_scores": {
        "acc_eq": {
            "instruction_following": {
                "Qwen3.5-35B-A3B_hc12": 0.5523550724637681
            },
            "naturalness": {
                "Qwen3.5-35B-A3B_hc12": 0.5430615942028986
            },
            "coherence": {
                "Qwen3.5-35B-A3B_hc12": 0.5643659420289855
            }
        }
    }
}