{
    "criterion_grouped_scores": {
        "acc_eq": {
            "instruction_following": {
                "Qwen3.5-35B-A3B_hc14": 0.5100543478260869
            },
            "naturalness": {
                "Qwen3.5-35B-A3B_hc14": 0.5391847826086956
            },
            "coherence": {
                "Qwen3.5-35B-A3B_hc14": 0.5569384057971015
            }
        }
    },
    "criterion_locale_grouped_scores": {
        "acc_eq": {
            "instruction_following": {
                "ar_EG": {
                    "Qwen3.5-35B-A3B_hc14": 0.5519927536231884
                },
                "bn_BD": {
                    "Qwen3.5-35B-A3B_hc14": 0.49963768115942037
                },
                "cs_CZ": {
                    "Qwen3.5-35B-A3B_hc14": 0.46268115942028976
                },
                "de_DE": {
                    "Qwen3.5-35B-A3B_hc14": 0.46865942028985513
                },
                "en_US": {
                    "Qwen3.5-35B-A3B_hc14": 0.5253623188405797
                },
                "hi_IN": {
                    "Qwen3.5-35B-A3B_hc14": 0.5117753623188406
                },
                "id_ID": {
                    "Qwen3.5-35B-A3B_hc14": 0.5065217391304347
                },
                "ja_JP": {
                    "Qwen3.5-35B-A3B_hc14": 0.48297101449275365
                },
                "ru_RU": {
                    "Qwen3.5-35B-A3B_hc14": 0.5856884057971014
                },
                "zh_CN": {
                    "Qwen3.5-35B-A3B_hc14": 0.5052536231884058
                }
            },
            "naturalness": {
                "ar_EG": {
                    "Qwen3.5-35B-A3B_hc14": 0.4942028985507246
                },
                "bn_BD": {
                    "Qwen3.5-35B-A3B_hc14": 0.5391304347826088
                },
                "cs_CZ": {
                    "Qwen3.5-35B-A3B_hc14": 0.5322463768115943
                },
                "de_DE": {
                    "Qwen3.5-35B-A3B_hc14": 0.4568840579710146
                },
                "en_US": {
                    "Qwen3.5-35B-A3B_hc14": 0.6108695652173912
                },
                "hi_IN": {
                    "Qwen3.5-35B-A3B_hc14": 0.5603260869565218
                },
                "id_ID": {
                    "Qwen3.5-35B-A3B_hc14": 0.48333333333333334
                },
                "ja_JP": {
                    "Qwen3.5-35B-A3B_hc14": 0.5304347826086956
                },
                "ru_RU": {
                    "Qwen3.5-35B-A3B_hc14": 0.5621376811594203
                },
                "zh_CN": {
                    "Qwen3.5-35B-A3B_hc14": 0.6222826086956522
                }
            },
            "coherence": {
                "ar_EG": {
                    "Qwen3.5-35B-A3B_hc14": 0.6342391304347827
                },
                "bn_BD": {
                    "Qwen3.5-35B-A3B_hc14": 0.516123188405797
                },
                "cs_CZ": {
                    "Qwen3.5-35B-A3B_hc14": 0.4494565217391305
                },
                "de_DE": {
                    "Qwen3.5-35B-A3B_hc14": 0.5679347826086958
                },
                "en_US": {
                    "Qwen3.5-35B-A3B_hc14": 0.6061594202898551
                },
                "hi_IN": {
                    "Qwen3.5-35B-A3B_hc14": 0.6250000000000001
                },
                "id_ID": {
                    "Qwen3.5-35B-A3B_hc14": 0.4652173913043478
                },
                "ja_JP": {
                    "Qwen3.5-35B-A3B_hc14": 0.5394927536231884
                },
                "ru_RU": {
                    "Qwen3.5-35B-A3B_hc14": 0.5965579710144929
                },
                "zh_CN": {
                    "Qwen3.5-35B-A3B_hc14": 0.5692028985507245
                }
            }
        }
    }
}