{
    "ranking_accuracy": {
        "Qwen3.5-35B-A3B_hc14": 0.925
    },
    "acc_eq_by_instruction_following": {
        "Qwen3.5-35B-A3B_hc14": 0.5100543478260869
    },
    "acc_eq_by_naturalness": {
        "Qwen3.5-35B-A3B_hc14": 0.5391847826086956
    },
    "acc_eq_by_coherence": {
        "Qwen3.5-35B-A3B_hc14": 0.5569384057971015
    },
    "acc_eq_average": {
        "Qwen3.5-35B-A3B_hc14": 0.5353925120772947
    },
    "criterion_grouped_scores": {
        "acc_eq": {
            "instruction_following": {
                "Qwen3.5-35B-A3B_hc14": 0.5100543478260869
            },
            "naturalness": {
                "Qwen3.5-35B-A3B_hc14": 0.5391847826086956
            },
            "coherence": {
                "Qwen3.5-35B-A3B_hc14": 0.5569384057971015
            }
        }
    }
}