{
    "ranking_accuracy": {
        "gemma-4-31B-it_h26": 0.8907563025210085
    },
    "acc_eq_by_instruction_following": {
        "gemma-4-31B-it_h26": 0.532608695652174
    },
    "acc_eq_by_naturalness": {
        "gemma-4-31B-it_h26": 0.4752717391304348
    },
    "acc_eq_by_coherence": {
        "gemma-4-31B-it_h26": 0.48709239130434784
    },
    "acc_eq_average": {
        "gemma-4-31B-it_h26": 0.4983242753623189
    },
    "criterion_grouped_scores": {
        "acc_eq": {
            "instruction_following": {
                "gemma-4-31B-it_h26": 0.532608695652174
            },
            "naturalness": {
                "gemma-4-31B-it_h26": 0.4752717391304348
            },
            "coherence": {
                "gemma-4-31B-it_h26": 0.48709239130434784
            }
        }
    }
}