{
    "criterion_grouped_scores": {
        "acc_eq": {
            "instruction_following": {
                "gemma-4-31B-it_hc14": 0.5993659420289856
            },
            "naturalness": {
                "gemma-4-31B-it_hc14": 0.5398007246376811
            },
            "coherence": {
                "gemma-4-31B-it_hc14": 0.58768115942029
            }
        }
    },
    "criterion_locale_grouped_scores": {
        "acc_eq": {
            "instruction_following": {
                "ar_EG": {
                    "gemma-4-31B-it_hc14": 0.6480072463768115
                },
                "bn_BD": {
                    "gemma-4-31B-it_hc14": 0.49963768115942037
                },
                "cs_CZ": {
                    "gemma-4-31B-it_hc14": 0.505072463768116
                },
                "de_DE": {
                    "gemma-4-31B-it_hc14": 0.5722826086956523
                },
                "en_US": {
                    "gemma-4-31B-it_hc14": 0.7554347826086955
                },
                "hi_IN": {
                    "gemma-4-31B-it_hc14": 0.6376811594202899
                },
                "id_ID": {
                    "gemma-4-31B-it_hc14": 0.5829710144927536
                },
                "ja_JP": {
                    "gemma-4-31B-it_hc14": 0.5030797101449275
                },
                "ru_RU": {
                    "gemma-4-31B-it_hc14": 0.6416666666666666
                },
                "zh_CN": {
                    "gemma-4-31B-it_hc14": 0.6478260869565218
                }
            },
            "naturalness": {
                "ar_EG": {
                    "gemma-4-31B-it_hc14": 0.4780797101449277
                },
                "bn_BD": {
                    "gemma-4-31B-it_hc14": 0.5286231884057971
                },
                "cs_CZ": {
                    "gemma-4-31B-it_hc14": 0.5291666666666668
                },
                "de_DE": {
                    "gemma-4-31B-it_hc14": 0.46123188405797105
                },
                "en_US": {
                    "gemma-4-31B-it_hc14": 0.6338768115942028
                },
                "hi_IN": {
                    "gemma-4-31B-it_hc14": 0.5344202898550724
                },
                "id_ID": {
                    "gemma-4-31B-it_hc14": 0.47246376811594204
                },
                "ja_JP": {
                    "gemma-4-31B-it_hc14": 0.5443840579710145
                },
                "ru_RU": {
                    "gemma-4-31B-it_hc14": 0.5878623188405796
                },
                "zh_CN": {
                    "gemma-4-31B-it_hc14": 0.6278985507246376
                }
            },
            "coherence": {
                "ar_EG": {
                    "gemma-4-31B-it_hc14": 0.6693840579710144
                },
                "bn_BD": {
                    "gemma-4-31B-it_hc14": 0.5070652173913043
                },
                "cs_CZ": {
                    "gemma-4-31B-it_hc14": 0.467391304347826
                },
                "de_DE": {
                    "gemma-4-31B-it_hc14": 0.6019927536231884
                },
                "en_US": {
                    "gemma-4-31B-it_hc14": 0.6452898550724637
                },
                "hi_IN": {
                    "gemma-4-31B-it_hc14": 0.6442028985507247
                },
                "id_ID": {
                    "gemma-4-31B-it_hc14": 0.47880434782608694
                },
                "ja_JP": {
                    "gemma-4-31B-it_hc14": 0.5570652173913043
                },
                "ru_RU": {
                    "gemma-4-31B-it_hc14": 0.6327898550724638
                },
                "zh_CN": {
                    "gemma-4-31B-it_hc14": 0.6728260869565218
                }
            }
        }
    }
}