{
    "ranking_accuracy": {
        "EuroLLM-22B-Instruct-2512_h23": 0.8083333333333333
    },
    "acc_eq_by_instruction_following": {
        "EuroLLM-22B-Instruct-2512_h23": 0.4690942028985507
    },
    "acc_eq_by_naturalness": {
        "EuroLLM-22B-Instruct-2512_h23": 0.41934782608695653
    },
    "acc_eq_by_coherence": {
        "EuroLLM-22B-Instruct-2512_h23": 0.4727173913043478
    },
    "acc_eq_average": {
        "EuroLLM-22B-Instruct-2512_h23": 0.45371980676328505
    },
    "criterion_grouped_scores": {
        "acc_eq": {
            "instruction_following": {
                "EuroLLM-22B-Instruct-2512_h23": 0.4690942028985507
            },
            "naturalness": {
                "EuroLLM-22B-Instruct-2512_h23": 0.41934782608695653
            },
            "coherence": {
                "EuroLLM-22B-Instruct-2512_h23": 0.4727173913043478
            }
        }
    }
}