{
    "criterion_grouped_scores": {
        "acc_eq": {
            "instruction_following": {
                "gemma-4-31B-it_h23": 0.591231884057971
            },
            "naturalness": {
                "gemma-4-31B-it_h23": 0.5255615942028985
            },
            "coherence": {
                "gemma-4-31B-it_h23": 0.5853985507246376
            }
        }
    },
    "criterion_locale_grouped_scores": {
        "acc_eq": {
            "instruction_following": {
                "ar_EG": {
                    "gemma-4-31B-it_h23": 0.6344202898550726
                },
                "bn_BD": {
                    "gemma-4-31B-it_h23": 0.4971014492753623
                },
                "cs_CZ": {
                    "gemma-4-31B-it_h23": 0.5097826086956522
                },
                "de_DE": {
                    "gemma-4-31B-it_h23": 0.5565217391304348
                },
                "en_US": {
                    "gemma-4-31B-it_h23": 0.7367753623188406
                },
                "hi_IN": {
                    "gemma-4-31B-it_h23": 0.6172101449275363
                },
                "id_ID": {
                    "gemma-4-31B-it_h23": 0.5784420289855072
                },
                "ja_JP": {
                    "gemma-4-31B-it_h23": 0.5144927536231885
                },
                "ru_RU": {
                    "gemma-4-31B-it_h23": 0.6221014492753624
                },
                "zh_CN": {
                    "gemma-4-31B-it_h23": 0.6454710144927536
                }
            },
            "naturalness": {
                "ar_EG": {
                    "gemma-4-31B-it_h23": 0.4894927536231884
                },
                "bn_BD": {
                    "gemma-4-31B-it_h23": 0.533695652173913
                },
                "cs_CZ": {
                    "gemma-4-31B-it_h23": 0.5403985507246377
                },
                "de_DE": {
                    "gemma-4-31B-it_h23": 0.43985507246376804
                },
                "en_US": {
                    "gemma-4-31B-it_h23": 0.5985507246376811
                },
                "hi_IN": {
                    "gemma-4-31B-it_h23": 0.49583333333333324
                },
                "id_ID": {
                    "gemma-4-31B-it_h23": 0.4641304347826088
                },
                "ja_JP": {
                    "gemma-4-31B-it_h23": 0.5369565217391304
                },
                "ru_RU": {
                    "gemma-4-31B-it_h23": 0.5829710144927536
                },
                "zh_CN": {
                    "gemma-4-31B-it_h23": 0.5737318840579709
                }
            },
            "coherence": {
                "ar_EG": {
                    "gemma-4-31B-it_h23": 0.6749999999999999
                },
                "bn_BD": {
                    "gemma-4-31B-it_h23": 0.5132246376811596
                },
                "cs_CZ": {
                    "gemma-4-31B-it_h23": 0.5010869565217391
                },
                "de_DE": {
                    "gemma-4-31B-it_h23": 0.5822463768115942
                },
                "en_US": {
                    "gemma-4-31B-it_h23": 0.6300724637681159
                },
                "hi_IN": {
                    "gemma-4-31B-it_h23": 0.6244565217391304
                },
                "id_ID": {
                    "gemma-4-31B-it_h23": 0.48858695652173906
                },
                "ja_JP": {
                    "gemma-4-31B-it_h23": 0.5614130434782609
                },
                "ru_RU": {
                    "gemma-4-31B-it_h23": 0.6172101449275362
                },
                "zh_CN": {
                    "gemma-4-31B-it_h23": 0.6606884057971015
                }
            }
        }
    }
}