{
    "ranking_accuracy": {
        "gemma-4-31B-it_h23": 0.9166666666666666
    },
    "acc_eq_by_instruction_following": {
        "gemma-4-31B-it_h23": 0.591231884057971
    },
    "acc_eq_by_naturalness": {
        "gemma-4-31B-it_h23": 0.5255615942028985
    },
    "acc_eq_by_coherence": {
        "gemma-4-31B-it_h23": 0.5853985507246376
    },
    "acc_eq_average": {
        "gemma-4-31B-it_h23": 0.567397342995169
    },
    "criterion_grouped_scores": {
        "acc_eq": {
            "instruction_following": {
                "gemma-4-31B-it_h23": 0.591231884057971
            },
            "naturalness": {
                "gemma-4-31B-it_h23": 0.5255615942028985
            },
            "coherence": {
                "gemma-4-31B-it_h23": 0.5853985507246376
            }
        }
    }
}