{
    "criterion_grouped_scores": {
        "acc_eq": {
            "instruction_following": {
                "Llama-3.1-8B": 0.4944746376811594
            },
            "naturalness": {
                "Llama-3.1-8B": 0.435036231884058
            },
            "coherence": {
                "Llama-3.1-8B": 0.44065217391304345
            }
        }
    },
    "criterion_locale_grouped_scores": {
        "acc_eq": {
            "instruction_following": {
                "ar_EG": {
                    "Llama-3.1-8B": 0.5659420289855072
                },
                "bn_BD": {
                    "Llama-3.1-8B": 0.3246376811594203
                },
                "cs_CZ": {
                    "Llama-3.1-8B": 0.36195652173913045
                },
                "de_DE": {
                    "Llama-3.1-8B": 0.5481884057971015
                },
                "en_US": {
                    "Llama-3.1-8B": 0.6355072463768117
                },
                "hi_IN": {
                    "Llama-3.1-8B": 0.518659420289855
                },
                "id_ID": {
                    "Llama-3.1-8B": 0.5152173913043478
                },
                "ja_JP": {
                    "Llama-3.1-8B": 0.34021739130434786
                },
                "ru_RU": {
                    "Llama-3.1-8B": 0.5896739130434784
                },
                "zh_CN": {
                    "Llama-3.1-8B": 0.5447463768115943
                }
            },
            "naturalness": {
                "ar_EG": {
                    "Llama-3.1-8B": 0.3967391304347826
                },
                "bn_BD": {
                    "Llama-3.1-8B": 0.3242753623188405
                },
                "cs_CZ": {
                    "Llama-3.1-8B": 0.3277173913043478
                },
                "de_DE": {
                    "Llama-3.1-8B": 0.4735507246376812
                },
                "en_US": {
                    "Llama-3.1-8B": 0.6023550724637683
                },
                "hi_IN": {
                    "Llama-3.1-8B": 0.4943840579710146
                },
                "id_ID": {
                    "Llama-3.1-8B": 0.3731884057971014
                },
                "ja_JP": {
                    "Llama-3.1-8B": 0.40507246376811584
                },
                "ru_RU": {
                    "Llama-3.1-8B": 0.3715579710144927
                },
                "zh_CN": {
                    "Llama-3.1-8B": 0.5815217391304348
                }
            },
            "coherence": {
                "ar_EG": {
                    "Llama-3.1-8B": 0.44565217391304346
                },
                "bn_BD": {
                    "Llama-3.1-8B": 0.3699275362318841
                },
                "cs_CZ": {
                    "Llama-3.1-8B": 0.3646739130434781
                },
                "de_DE": {
                    "Llama-3.1-8B": 0.4619565217391305
                },
                "en_US": {
                    "Llama-3.1-8B": 0.4692028985507246
                },
                "hi_IN": {
                    "Llama-3.1-8B": 0.5275362318840581
                },
                "id_ID": {
                    "Llama-3.1-8B": 0.3846014492753624
                },
                "ja_JP": {
                    "Llama-3.1-8B": 0.4041666666666666
                },
                "ru_RU": {
                    "Llama-3.1-8B": 0.47028985507246374
                },
                "zh_CN": {
                    "Llama-3.1-8B": 0.508514492753623
                }
            }
        }
    }
}