{
    "criterion_grouped_scores": {
        "acc_eq": {
            "instruction_following": {
                "Llama-3.1-8B-Instruct": 0.4897463768115942
            },
            "naturalness": {
                "Llama-3.1-8B-Instruct": 0.40639492753623185
            },
            "coherence": {
                "Llama-3.1-8B-Instruct": 0.46539855072463765
            }
        }
    },
    "criterion_locale_grouped_scores": {
        "acc_eq": {
            "instruction_following": {
                "ar_EG": {
                    "Llama-3.1-8B-Instruct": 0.5599637681159421
                },
                "bn_BD": {
                    "Llama-3.1-8B-Instruct": 0.39311594202898553
                },
                "cs_CZ": {
                    "Llama-3.1-8B-Instruct": 0.3652173913043478
                },
                "de_DE": {
                    "Llama-3.1-8B-Instruct": 0.532608695652174
                },
                "en_US": {
                    "Llama-3.1-8B-Instruct": 0.6597826086956522
                },
                "hi_IN": {
                    "Llama-3.1-8B-Instruct": 0.45036231884057976
                },
                "id_ID": {
                    "Llama-3.1-8B-Instruct": 0.4945652173913043
                },
                "ja_JP": {
                    "Llama-3.1-8B-Instruct": 0.37572463768115943
                },
                "ru_RU": {
                    "Llama-3.1-8B-Instruct": 0.566123188405797
                },
                "zh_CN": {
                    "Llama-3.1-8B-Instruct": 0.49999999999999994
                }
            },
            "naturalness": {
                "ar_EG": {
                    "Llama-3.1-8B-Instruct": 0.3326086956521739
                },
                "bn_BD": {
                    "Llama-3.1-8B-Instruct": 0.418840579710145
                },
                "cs_CZ": {
                    "Llama-3.1-8B-Instruct": 0.3851449275362319
                },
                "de_DE": {
                    "Llama-3.1-8B-Instruct": 0.4282608695652173
                },
                "en_US": {
                    "Llama-3.1-8B-Instruct": 0.5329710144927536
                },
                "hi_IN": {
                    "Llama-3.1-8B-Instruct": 0.43550724637681165
                },
                "id_ID": {
                    "Llama-3.1-8B-Instruct": 0.35942028985507257
                },
                "ja_JP": {
                    "Llama-3.1-8B-Instruct": 0.38532608695652176
                },
                "ru_RU": {
                    "Llama-3.1-8B-Instruct": 0.369927536231884
                },
                "zh_CN": {
                    "Llama-3.1-8B-Instruct": 0.4159420289855073
                }
            },
            "coherence": {
                "ar_EG": {
                    "Llama-3.1-8B-Instruct": 0.492572463768116
                },
                "bn_BD": {
                    "Llama-3.1-8B-Instruct": 0.4121376811594202
                },
                "cs_CZ": {
                    "Llama-3.1-8B-Instruct": 0.39692028985507244
                },
                "de_DE": {
                    "Llama-3.1-8B-Instruct": 0.4670289855072464
                },
                "en_US": {
                    "Llama-3.1-8B-Instruct": 0.4693840579710145
                },
                "hi_IN": {
                    "Llama-3.1-8B-Instruct": 0.5106884057971014
                },
                "id_ID": {
                    "Llama-3.1-8B-Instruct": 0.3777173913043479
                },
                "ja_JP": {
                    "Llama-3.1-8B-Instruct": 0.47065217391304337
                },
                "ru_RU": {
                    "Llama-3.1-8B-Instruct": 0.5025362318840579
                },
                "zh_CN": {
                    "Llama-3.1-8B-Instruct": 0.5543478260869565
                }
            }
        }
    }
}