{
    "criterion_grouped_scores": {
        "acc_eq": {
            "instruction_following": {
                "gemma-4-26B-A4B-it_h23": 0.5867391304347825
            },
            "naturalness": {
                "gemma-4-26B-A4B-it_h23": 0.5355978260869565
            },
            "coherence": {
                "gemma-4-26B-A4B-it_h23": 0.5826449275362319
            }
        }
    },
    "criterion_locale_grouped_scores": {
        "acc_eq": {
            "instruction_following": {
                "ar_EG": {
                    "gemma-4-26B-A4B-it_h23": 0.6403985507246377
                },
                "bn_BD": {
                    "gemma-4-26B-A4B-it_h23": 0.5009057971014492
                },
                "cs_CZ": {
                    "gemma-4-26B-A4B-it_h23": 0.4961956521739131
                },
                "de_DE": {
                    "gemma-4-26B-A4B-it_h23": 0.5456521739130435
                },
                "en_US": {
                    "gemma-4-26B-A4B-it_h23": 0.744927536231884
                },
                "hi_IN": {
                    "gemma-4-26B-A4B-it_h23": 0.6222826086956521
                },
                "id_ID": {
                    "gemma-4-26B-A4B-it_h23": 0.5692028985507246
                },
                "ja_JP": {
                    "gemma-4-26B-A4B-it_h23": 0.5045289855072463
                },
                "ru_RU": {
                    "gemma-4-26B-A4B-it_h23": 0.6248188405797102
                },
                "zh_CN": {
                    "gemma-4-26B-A4B-it_h23": 0.6184782608695653
                }
            },
            "naturalness": {
                "ar_EG": {
                    "gemma-4-26B-A4B-it_h23": 0.4971014492753623
                },
                "bn_BD": {
                    "gemma-4-26B-A4B-it_h23": 0.5298913043478262
                },
                "cs_CZ": {
                    "gemma-4-26B-A4B-it_h23": 0.5333333333333333
                },
                "de_DE": {
                    "gemma-4-26B-A4B-it_h23": 0.4414855072463768
                },
                "en_US": {
                    "gemma-4-26B-A4B-it_h23": 0.6239130434782608
                },
                "hi_IN": {
                    "gemma-4-26B-A4B-it_h23": 0.5364130434782609
                },
                "id_ID": {
                    "gemma-4-26B-A4B-it_h23": 0.4670289855072463
                },
                "ja_JP": {
                    "gemma-4-26B-A4B-it_h23": 0.5507246376811593
                },
                "ru_RU": {
                    "gemma-4-26B-A4B-it_h23": 0.566123188405797
                },
                "zh_CN": {
                    "gemma-4-26B-A4B-it_h23": 0.609963768115942
                }
            },
            "coherence": {
                "ar_EG": {
                    "gemma-4-26B-A4B-it_h23": 0.6681159420289855
                },
                "bn_BD": {
                    "gemma-4-26B-A4B-it_h23": 0.513586956521739
                },
                "cs_CZ": {
                    "gemma-4-26B-A4B-it_h23": 0.4804347826086957
                },
                "de_DE": {
                    "gemma-4-26B-A4B-it_h23": 0.580072463768116
                },
                "en_US": {
                    "gemma-4-26B-A4B-it_h23": 0.6266304347826087
                },
                "hi_IN": {
                    "gemma-4-26B-A4B-it_h23": 0.6499999999999999
                },
                "id_ID": {
                    "gemma-4-26B-A4B-it_h23": 0.48369565217391314
                },
                "ja_JP": {
                    "gemma-4-26B-A4B-it_h23": 0.5625
                },
                "ru_RU": {
                    "gemma-4-26B-A4B-it_h23": 0.6193840579710145
                },
                "zh_CN": {
                    "gemma-4-26B-A4B-it_h23": 0.6420289855072464
                }
            }
        }
    }
}