{
    "criterion_grouped_scores": {
        "acc_eq": {
            "instruction_following": {
                "Magistral-Small-2509_h23": 0.5807608695652173
            },
            "naturalness": {
                "Magistral-Small-2509_h23": 0.5182608695652173
            },
            "coherence": {
                "Magistral-Small-2509_h23": 0.5609420289855073
            }
        }
    },
    "criterion_locale_grouped_scores": {
        "acc_eq": {
            "instruction_following": {
                "ar_EG": {
                    "Magistral-Small-2509_h23": 0.661231884057971
                },
                "bn_BD": {
                    "Magistral-Small-2509_h23": 0.4865942028985507
                },
                "cs_CZ": {
                    "Magistral-Small-2509_h23": 0.42536231884057957
                },
                "de_DE": {
                    "Magistral-Small-2509_h23": 0.5711956521739131
                },
                "en_US": {
                    "Magistral-Small-2509_h23": 0.7380434782608695
                },
                "hi_IN": {
                    "Magistral-Small-2509_h23": 0.6373188405797101
                },
                "id_ID": {
                    "Magistral-Small-2509_h23": 0.5731884057971015
                },
                "ja_JP": {
                    "Magistral-Small-2509_h23": 0.4440217391304348
                },
                "ru_RU": {
                    "Magistral-Small-2509_h23": 0.6481884057971014
                },
                "zh_CN": {
                    "Magistral-Small-2509_h23": 0.6224637681159421
                }
            },
            "naturalness": {
                "ar_EG": {
                    "Magistral-Small-2509_h23": 0.4385869565217391
                },
                "bn_BD": {
                    "Magistral-Small-2509_h23": 0.518840579710145
                },
                "cs_CZ": {
                    "Magistral-Small-2509_h23": 0.47264492753623183
                },
                "de_DE": {
                    "Magistral-Small-2509_h23": 0.46376811594202905
                },
                "en_US": {
                    "Magistral-Small-2509_h23": 0.6186594202898551
                },
                "hi_IN": {
                    "Magistral-Small-2509_h23": 0.5614130434782609
                },
                "id_ID": {
                    "Magistral-Small-2509_h23": 0.4318840579710145
                },
                "ja_JP": {
                    "Magistral-Small-2509_h23": 0.5130434782608695
                },
                "ru_RU": {
                    "Magistral-Small-2509_h23": 0.5297101449275362
                },
                "zh_CN": {
                    "Magistral-Small-2509_h23": 0.6340579710144928
                }
            },
            "coherence": {
                "ar_EG": {
                    "Magistral-Small-2509_h23": 0.6280797101449275
                },
                "bn_BD": {
                    "Magistral-Small-2509_h23": 0.4960144927536232
                },
                "cs_CZ": {
                    "Magistral-Small-2509_h23": 0.45362318840579713
                },
                "de_DE": {
                    "Magistral-Small-2509_h23": 0.5577898550724639
                },
                "en_US": {
                    "Magistral-Small-2509_h23": 0.6096014492753624
                },
                "hi_IN": {
                    "Magistral-Small-2509_h23": 0.6028985507246376
                },
                "id_ID": {
                    "Magistral-Small-2509_h23": 0.4543478260869564
                },
                "ja_JP": {
                    "Magistral-Small-2509_h23": 0.5284420289855073
                },
                "ru_RU": {
                    "Magistral-Small-2509_h23": 0.6032608695652174
                },
                "zh_CN": {
                    "Magistral-Small-2509_h23": 0.6753623188405797
                }
            }
        }
    }
}