{
    "ranking_accuracy": {
        "aya-expanse-8b": 0.65
    },
    "acc_eq_by_instruction_following": {
        "aya-expanse-8b": 0.47119565217391307
    },
    "acc_eq_by_naturalness": {
        "aya-expanse-8b": 0.42965579710144924
    },
    "acc_eq_by_coherence": {
        "aya-expanse-8b": 0.4603804347826087
    },
    "acc_eq_average": {
        "aya-expanse-8b": 0.453743961352657
    },
    "criterion_grouped_scores": {
        "acc_eq": {
            "instruction_following": {
                "aya-expanse-8b": 0.47119565217391307
            },
            "naturalness": {
                "aya-expanse-8b": 0.42965579710144924
            },
            "coherence": {
                "aya-expanse-8b": 0.4603804347826087
            }
        }
    }
}