{
    "criterion_grouped_scores": {
        "acc_eq": {
            "instruction_following": {
                "aya-expanse-8b": 0.47119565217391307
            },
            "naturalness": {
                "aya-expanse-8b": 0.42965579710144924
            },
            "coherence": {
                "aya-expanse-8b": 0.4603804347826087
            }
        }
    },
    "criterion_locale_grouped_scores": {
        "acc_eq": {
            "instruction_following": {
                "ar_EG": {
                    "aya-expanse-8b": 0.5503623188405797
                },
                "bn_BD": {
                    "aya-expanse-8b": 0.35634057971014493
                },
                "cs_CZ": {
                    "aya-expanse-8b": 0.3489130434782609
                },
                "de_DE": {
                    "aya-expanse-8b": 0.46630434782608704
                },
                "en_US": {
                    "aya-expanse-8b": 0.5759057971014492
                },
                "hi_IN": {
                    "aya-expanse-8b": 0.4952898550724638
                },
                "id_ID": {
                    "aya-expanse-8b": 0.49800724637681154
                },
                "ja_JP": {
                    "aya-expanse-8b": 0.3554347826086957
                },
                "ru_RU": {
                    "aya-expanse-8b": 0.5398550724637681
                },
                "zh_CN": {
                    "aya-expanse-8b": 0.5255434782608696
                }
            },
            "naturalness": {
                "ar_EG": {
                    "aya-expanse-8b": 0.3902173913043478
                },
                "bn_BD": {
                    "aya-expanse-8b": 0.3391304347826087
                },
                "cs_CZ": {
                    "aya-expanse-8b": 0.3519927536231883
                },
                "de_DE": {
                    "aya-expanse-8b": 0.4557971014492754
                },
                "en_US": {
                    "aya-expanse-8b": 0.5197463768115942
                },
                "hi_IN": {
                    "aya-expanse-8b": 0.5244565217391305
                },
                "id_ID": {
                    "aya-expanse-8b": 0.36394927536231886
                },
                "ja_JP": {
                    "aya-expanse-8b": 0.42264492753623195
                },
                "ru_RU": {
                    "aya-expanse-8b": 0.3806159420289855
                },
                "zh_CN": {
                    "aya-expanse-8b": 0.5480072463768115
                }
            },
            "coherence": {
                "ar_EG": {
                    "aya-expanse-8b": 0.49746376811594195
                },
                "bn_BD": {
                    "aya-expanse-8b": 0.34438405797101446
                },
                "cs_CZ": {
                    "aya-expanse-8b": 0.3557971014492753
                },
                "de_DE": {
                    "aya-expanse-8b": 0.46847826086956523
                },
                "en_US": {
                    "aya-expanse-8b": 0.48460144927536236
                },
                "hi_IN": {
                    "aya-expanse-8b": 0.5371376811594203
                },
                "id_ID": {
                    "aya-expanse-8b": 0.39365942028985507
                },
                "ja_JP": {
                    "aya-expanse-8b": 0.46195652173913043
                },
                "ru_RU": {
                    "aya-expanse-8b": 0.5184782608695653
                },
                "zh_CN": {
                    "aya-expanse-8b": 0.5418478260869566
                }
            }
        }
    }
}