{
    "criterion_grouped_scores": {
        "acc_eq": {
            "instruction_following": {
                "Qwen3.5-9B_pcsdeh5": 0.5735960144927535
            },
            "naturalness": {
                "Qwen3.5-9B_pcsdeh5": 0.4895833333333333
            },
            "coherence": {
                "Qwen3.5-9B_pcsdeh5": 0.49886775362318836
            }
        }
    },
    "criterion_locale_grouped_scores": {
        "acc_eq": {
            "instruction_following": {
                "cs_CZ": {
                    "Qwen3.5-9B_pcsdeh5": 0.4827898550724638
                },
                "de_DE": {
                    "Qwen3.5-9B_pcsdeh5": 0.5076086956521738
                },
                "en_US": {
                    "Qwen3.5-9B_pcsdeh5": 0.7268115942028984
                },
                "ru_RU": {
                    "Qwen3.5-9B_pcsdeh5": 0.5771739130434783
                }
            },
            "naturalness": {
                "cs_CZ": {
                    "Qwen3.5-9B_pcsdeh5": 0.4514492753623188
                },
                "de_DE": {
                    "Qwen3.5-9B_pcsdeh5": 0.4487318840579711
                },
                "en_US": {
                    "Qwen3.5-9B_pcsdeh5": 0.5652173913043478
                },
                "ru_RU": {
                    "Qwen3.5-9B_pcsdeh5": 0.49293478260869567
                }
            },
            "coherence": {
                "cs_CZ": {
                    "Qwen3.5-9B_pcsdeh5": 0.4172101449275364
                },
                "de_DE": {
                    "Qwen3.5-9B_pcsdeh5": 0.518840579710145
                },
                "en_US": {
                    "Qwen3.5-9B_pcsdeh5": 0.5431159420289855
                },
                "ru_RU": {
                    "Qwen3.5-9B_pcsdeh5": 0.5163043478260869
                }
            }
        }
    }
}