{
    "ranking_accuracy": {
        "Qwen3.5-35B-A3B_h9": 0.8898305084745762
    },
    "acc_eq_by_instruction_following": {
        "Qwen3.5-35B-A3B_h9": 0.6022644927536231
    },
    "acc_eq_by_naturalness": {
        "Qwen3.5-35B-A3B_h9": 0.5331974637681158
    },
    "acc_eq_by_coherence": {
        "Qwen3.5-35B-A3B_h9": 0.5754076086956522
    },
    "acc_eq_average": {
        "Qwen3.5-35B-A3B_h9": 0.5702898550724638
    },
    "criterion_grouped_scores": {
        "acc_eq": {
            "instruction_following": {
                "Qwen3.5-35B-A3B_h9": 0.6022644927536231
            },
            "naturalness": {
                "Qwen3.5-35B-A3B_h9": 0.5331974637681158
            },
            "coherence": {
                "Qwen3.5-35B-A3B_h9": 0.5754076086956522
            }
        }
    }
}