{
    "ranking_accuracy": {
        "Qwen3.5-35B-A3B_h11": 0.9166666666666666
    },
    "acc_eq_by_instruction_following": {
        "Qwen3.5-35B-A3B_h11": 0.5857065217391305
    },
    "acc_eq_by_naturalness": {
        "Qwen3.5-35B-A3B_h11": 0.5303804347826087
    },
    "acc_eq_by_coherence": {
        "Qwen3.5-35B-A3B_h11": 0.5823188405797102
    },
    "acc_eq_average": {
        "Qwen3.5-35B-A3B_h11": 0.5661352657004831
    },
    "criterion_grouped_scores": {
        "acc_eq": {
            "instruction_following": {
                "Qwen3.5-35B-A3B_h11": 0.5857065217391305
            },
            "naturalness": {
                "Qwen3.5-35B-A3B_h11": 0.5303804347826087
            },
            "coherence": {
                "Qwen3.5-35B-A3B_h11": 0.5823188405797102
            }
        }
    }
}