{
    "ranking_accuracy": {
        "Qwen3.5-35B-A3B_hcs23": 0.7647058823529411
    },
    "acc_eq_by_instruction_following": {
        "Qwen3.5-35B-A3B_hcs23": 0.5903079710144926
    },
    "acc_eq_by_naturalness": {
        "Qwen3.5-35B-A3B_hcs23": 0.5833333333333333
    },
    "acc_eq_by_coherence": {
        "Qwen3.5-35B-A3B_hcs23": 0.5671195652173914
    },
    "acc_eq_average": {
        "Qwen3.5-35B-A3B_hcs23": 0.5802536231884058
    },
    "criterion_grouped_scores": {
        "acc_eq": {
            "instruction_following": {
                "Qwen3.5-35B-A3B_hcs23": 0.5903079710144926
            },
            "naturalness": {
                "Qwen3.5-35B-A3B_hcs23": 0.5833333333333333
            },
            "coherence": {
                "Qwen3.5-35B-A3B_hcs23": 0.5671195652173914
            }
        }
    }
}