{
    "ranking_accuracy": {
        "Qwen3.5-35B-A3B_hcs22": 0.773109243697479
    },
    "acc_eq_by_instruction_following": {
        "Qwen3.5-35B-A3B_hcs22": 0.5984601449275362
    },
    "acc_eq_by_naturalness": {
        "Qwen3.5-35B-A3B_hcs22": 0.5796195652173912
    },
    "acc_eq_by_coherence": {
        "Qwen3.5-35B-A3B_hcs22": 0.5647644927536232
    },
    "acc_eq_average": {
        "Qwen3.5-35B-A3B_hcs22": 0.5809480676328502
    },
    "criterion_grouped_scores": {
        "acc_eq": {
            "instruction_following": {
                "Qwen3.5-35B-A3B_hcs22": 0.5984601449275362
            },
            "naturalness": {
                "Qwen3.5-35B-A3B_hcs22": 0.5796195652173912
            },
            "coherence": {
                "Qwen3.5-35B-A3B_hcs22": 0.5647644927536232
            }
        }
    }
}