{
    "ranking_accuracy": {
        "Qwen3.5-35B-A3B_hcs26": 0.7983193277310925
    },
    "acc_eq_by_instruction_following": {
        "Qwen3.5-35B-A3B_hcs26": 0.5946557971014492
    },
    "acc_eq_by_naturalness": {
        "Qwen3.5-35B-A3B_hcs26": 0.581159420289855
    },
    "acc_eq_by_coherence": {
        "Qwen3.5-35B-A3B_hcs26": 0.56875
    },
    "acc_eq_average": {
        "Qwen3.5-35B-A3B_hcs26": 0.5815217391304347
    },
    "criterion_grouped_scores": {
        "acc_eq": {
            "instruction_following": {
                "Qwen3.5-35B-A3B_hcs26": 0.5946557971014492
            },
            "naturalness": {
                "Qwen3.5-35B-A3B_hcs26": 0.581159420289855
            },
            "coherence": {
                "Qwen3.5-35B-A3B_hcs26": 0.56875
            }
        }
    }
}