{
    "ranking_accuracy": {
        "Qwen3.5-35B-A3B_hcs24": 0.7647058823529411
    },
    "acc_eq_by_instruction_following": {
        "Qwen3.5-35B-A3B_hcs24": 0.5894927536231884
    },
    "acc_eq_by_naturalness": {
        "Qwen3.5-35B-A3B_hcs24": 0.5820652173913043
    },
    "acc_eq_by_coherence": {
        "Qwen3.5-35B-A3B_hcs24": 0.5682065217391304
    },
    "acc_eq_average": {
        "Qwen3.5-35B-A3B_hcs24": 0.5799214975845411
    },
    "criterion_grouped_scores": {
        "acc_eq": {
            "instruction_following": {
                "Qwen3.5-35B-A3B_hcs24": 0.5894927536231884
            },
            "naturalness": {
                "Qwen3.5-35B-A3B_hcs24": 0.5820652173913043
            },
            "coherence": {
                "Qwen3.5-35B-A3B_hcs24": 0.5682065217391304
            }
        }
    }
}