{
    "criterion_grouped_scores": {
        "acc_eq": {
            "instruction_following": {
                "Qwen3.5-35B-A3B_h11": 0.5857065217391305
            },
            "naturalness": {
                "Qwen3.5-35B-A3B_h11": 0.5303804347826087
            },
            "coherence": {
                "Qwen3.5-35B-A3B_h11": 0.5823188405797102
            }
        }
    },
    "criterion_locale_grouped_scores": {
        "acc_eq": {
            "instruction_following": {
                "ar_EG": {
                    "Qwen3.5-35B-A3B_h11": 0.6648550724637681
                },
                "bn_BD": {
                    "Qwen3.5-35B-A3B_h11": 0.49148550724637674
                },
                "cs_CZ": {
                    "Qwen3.5-35B-A3B_h11": 0.46159420289855074
                },
                "de_DE": {
                    "Qwen3.5-35B-A3B_h11": 0.5530797101449275
                },
                "en_US": {
                    "Qwen3.5-35B-A3B_h11": 0.738768115942029
                },
                "hi_IN": {
                    "Qwen3.5-35B-A3B_h11": 0.6389492753623188
                },
                "id_ID": {
                    "Qwen3.5-35B-A3B_h11": 0.5492753623188406
                },
                "ja_JP": {
                    "Qwen3.5-35B-A3B_h11": 0.48478260869565226
                },
                "ru_RU": {
                    "Qwen3.5-35B-A3B_h11": 0.6447463768115941
                },
                "zh_CN": {
                    "Qwen3.5-35B-A3B_h11": 0.6295289855072465
                }
            },
            "naturalness": {
                "ar_EG": {
                    "Qwen3.5-35B-A3B_h11": 0.481340579710145
                },
                "bn_BD": {
                    "Qwen3.5-35B-A3B_h11": 0.5275362318840581
                },
                "cs_CZ": {
                    "Qwen3.5-35B-A3B_h11": 0.5306159420289854
                },
                "de_DE": {
                    "Qwen3.5-35B-A3B_h11": 0.4530797101449276
                },
                "en_US": {
                    "Qwen3.5-35B-A3B_h11": 0.5980072463768117
                },
                "hi_IN": {
                    "Qwen3.5-35B-A3B_h11": 0.5387681159420289
                },
                "id_ID": {
                    "Qwen3.5-35B-A3B_h11": 0.4842391304347827
                },
                "ja_JP": {
                    "Qwen3.5-35B-A3B_h11": 0.5483695652173911
                },
                "ru_RU": {
                    "Qwen3.5-35B-A3B_h11": 0.545108695652174
                },
                "zh_CN": {
                    "Qwen3.5-35B-A3B_h11": 0.5967391304347827
                }
            },
            "coherence": {
                "ar_EG": {
                    "Qwen3.5-35B-A3B_h11": 0.6717391304347826
                },
                "bn_BD": {
                    "Qwen3.5-35B-A3B_h11": 0.5123188405797101
                },
                "cs_CZ": {
                    "Qwen3.5-35B-A3B_h11": 0.4865942028985507
                },
                "de_DE": {
                    "Qwen3.5-35B-A3B_h11": 0.5820652173913043
                },
                "en_US": {
                    "Qwen3.5-35B-A3B_h11": 0.6342391304347826
                },
                "hi_IN": {
                    "Qwen3.5-35B-A3B_h11": 0.6302536231884057
                },
                "id_ID": {
                    "Qwen3.5-35B-A3B_h11": 0.486231884057971
                },
                "ja_JP": {
                    "Qwen3.5-35B-A3B_h11": 0.5637681159420289
                },
                "ru_RU": {
                    "Qwen3.5-35B-A3B_h11": 0.5931159420289855
                },
                "zh_CN": {
                    "Qwen3.5-35B-A3B_h11": 0.6628623188405798
                }
            }
        }
    }
}