{
    "criterion_grouped_scores": {
        "acc_eq": {
            "instruction_following": {
                "Qwen3.5-35B-A3B_h15": 0.5602898550724638
            },
            "naturalness": {
                "Qwen3.5-35B-A3B_h15": 0.522409420289855
            },
            "coherence": {
                "Qwen3.5-35B-A3B_h15": 0.5659057971014493
            }
        }
    },
    "criterion_locale_grouped_scores": {
        "acc_eq": {
            "instruction_following": {
                "ar_EG": {
                    "Qwen3.5-35B-A3B_h15": 0.621376811594203
                },
                "bn_BD": {
                    "Qwen3.5-35B-A3B_h15": 0.4909420289855072
                },
                "cs_CZ": {
                    "Qwen3.5-35B-A3B_h15": 0.4782608695652173
                },
                "de_DE": {
                    "Qwen3.5-35B-A3B_h15": 0.5096014492753623
                },
                "en_US": {
                    "Qwen3.5-35B-A3B_h15": 0.6958333333333335
                },
                "hi_IN": {
                    "Qwen3.5-35B-A3B_h15": 0.581340579710145
                },
                "id_ID": {
                    "Qwen3.5-35B-A3B_h15": 0.5246376811594203
                },
                "ja_JP": {
                    "Qwen3.5-35B-A3B_h15": 0.490036231884058
                },
                "ru_RU": {
                    "Qwen3.5-35B-A3B_h15": 0.6110507246376813
                },
                "zh_CN": {
                    "Qwen3.5-35B-A3B_h15": 0.5998188405797101
                }
            },
            "naturalness": {
                "ar_EG": {
                    "Qwen3.5-35B-A3B_h15": 0.45724637681159414
                },
                "bn_BD": {
                    "Qwen3.5-35B-A3B_h15": 0.5389492753623188
                },
                "cs_CZ": {
                    "Qwen3.5-35B-A3B_h15": 0.5423913043478261
                },
                "de_DE": {
                    "Qwen3.5-35B-A3B_h15": 0.4440217391304348
                },
                "en_US": {
                    "Qwen3.5-35B-A3B_h15": 0.5989130434782609
                },
                "hi_IN": {
                    "Qwen3.5-35B-A3B_h15": 0.5168478260869566
                },
                "id_ID": {
                    "Qwen3.5-35B-A3B_h15": 0.4757246376811594
                },
                "ja_JP": {
                    "Qwen3.5-35B-A3B_h15": 0.5226449275362319
                },
                "ru_RU": {
                    "Qwen3.5-35B-A3B_h15": 0.5532608695652174
                },
                "zh_CN": {
                    "Qwen3.5-35B-A3B_h15": 0.5740942028985507
                }
            },
            "coherence": {
                "ar_EG": {
                    "Qwen3.5-35B-A3B_h15": 0.6461956521739131
                },
                "bn_BD": {
                    "Qwen3.5-35B-A3B_h15": 0.5117753623188408
                },
                "cs_CZ": {
                    "Qwen3.5-35B-A3B_h15": 0.5079710144927535
                },
                "de_DE": {
                    "Qwen3.5-35B-A3B_h15": 0.5418478260869566
                },
                "en_US": {
                    "Qwen3.5-35B-A3B_h15": 0.5989130434782609
                },
                "hi_IN": {
                    "Qwen3.5-35B-A3B_h15": 0.5751811594202898
                },
                "id_ID": {
                    "Qwen3.5-35B-A3B_h15": 0.506159420289855
                },
                "ja_JP": {
                    "Qwen3.5-35B-A3B_h15": 0.5657608695652173
                },
                "ru_RU": {
                    "Qwen3.5-35B-A3B_h15": 0.5688405797101449
                },
                "zh_CN": {
                    "Qwen3.5-35B-A3B_h15": 0.6364130434782609
                }
            }
        }
    }
}