{
    "criterion_grouped_scores": {
        "acc_eq": {
            "instruction_following": {
                "Qwen3.5-35B-A3B_h16": 0.5330253623188406
            },
            "naturalness": {
                "Qwen3.5-35B-A3B_h16": 0.5226086956521739
            },
            "coherence": {
                "Qwen3.5-35B-A3B_h16": 0.566304347826087
            }
        }
    },
    "criterion_locale_grouped_scores": {
        "acc_eq": {
            "instruction_following": {
                "ar_EG": {
                    "Qwen3.5-35B-A3B_h16": 0.571376811594203
                },
                "bn_BD": {
                    "Qwen3.5-35B-A3B_h16": 0.488768115942029
                },
                "cs_CZ": {
                    "Qwen3.5-35B-A3B_h16": 0.4721014492753623
                },
                "de_DE": {
                    "Qwen3.5-35B-A3B_h16": 0.48659420289855065
                },
                "en_US": {
                    "Qwen3.5-35B-A3B_h16": 0.6385869565217391
                },
                "hi_IN": {
                    "Qwen3.5-35B-A3B_h16": 0.5530797101449277
                },
                "id_ID": {
                    "Qwen3.5-35B-A3B_h16": 0.5144927536231885
                },
                "ja_JP": {
                    "Qwen3.5-35B-A3B_h16": 0.4893115942028986
                },
                "ru_RU": {
                    "Qwen3.5-35B-A3B_h16": 0.5693840579710144
                },
                "zh_CN": {
                    "Qwen3.5-35B-A3B_h16": 0.5465579710144928
                }
            },
            "naturalness": {
                "ar_EG": {
                    "Qwen3.5-35B-A3B_h16": 0.4585144927536232
                },
                "bn_BD": {
                    "Qwen3.5-35B-A3B_h16": 0.5378623188405797
                },
                "cs_CZ": {
                    "Qwen3.5-35B-A3B_h16": 0.5422101449275362
                },
                "de_DE": {
                    "Qwen3.5-35B-A3B_h16": 0.4454710144927536
                },
                "en_US": {
                    "Qwen3.5-35B-A3B_h16": 0.6018115942028986
                },
                "hi_IN": {
                    "Qwen3.5-35B-A3B_h16": 0.5141304347826087
                },
                "id_ID": {
                    "Qwen3.5-35B-A3B_h16": 0.4782608695652173
                },
                "ja_JP": {
                    "Qwen3.5-35B-A3B_h16": 0.5253623188405798
                },
                "ru_RU": {
                    "Qwen3.5-35B-A3B_h16": 0.5490942028985507
                },
                "zh_CN": {
                    "Qwen3.5-35B-A3B_h16": 0.5733695652173912
                }
            },
            "coherence": {
                "ar_EG": {
                    "Qwen3.5-35B-A3B_h16": 0.643659420289855
                },
                "bn_BD": {
                    "Qwen3.5-35B-A3B_h16": 0.5170289855072464
                },
                "cs_CZ": {
                    "Qwen3.5-35B-A3B_h16": 0.5088768115942027
                },
                "de_DE": {
                    "Qwen3.5-35B-A3B_h16": 0.5545289855072464
                },
                "en_US": {
                    "Qwen3.5-35B-A3B_h16": 0.6056159420289855
                },
                "hi_IN": {
                    "Qwen3.5-35B-A3B_h16": 0.5795289855072463
                },
                "id_ID": {
                    "Qwen3.5-35B-A3B_h16": 0.49184782608695654
                },
                "ja_JP": {
                    "Qwen3.5-35B-A3B_h16": 0.5630434782608695
                },
                "ru_RU": {
                    "Qwen3.5-35B-A3B_h16": 0.5697463768115941
                },
                "zh_CN": {
                    "Qwen3.5-35B-A3B_h16": 0.6291666666666665
                }
            }
        }
    }
}