{
    "criterion_grouped_scores": {
        "acc_eq": {
            "instruction_following": {
                "Qwen3.5-35B-A3B_hcs17": 0.5114130434782609
            },
            "naturalness": {
                "Qwen3.5-35B-A3B_hcs17": 0.5184782608695653
            },
            "coherence": {
                "Qwen3.5-35B-A3B_hcs17": 0.5080615942028984
            }
        }
    },
    "criterion_locale_grouped_scores": {
        "acc_eq": {
            "instruction_following": {
                "cs_CZ": {
                    "Qwen3.5-35B-A3B_hcs17": 0.40217391304347816
                },
                "en_US": {
                    "Qwen3.5-35B-A3B_hcs17": 0.6206521739130435
                }
            },
            "naturalness": {
                "cs_CZ": {
                    "Qwen3.5-35B-A3B_hcs17": 0.4480072463768117
                },
                "en_US": {
                    "Qwen3.5-35B-A3B_hcs17": 0.5889492753623188
                }
            },
            "coherence": {
                "cs_CZ": {
                    "Qwen3.5-35B-A3B_hcs17": 0.49365942028985504
                },
                "en_US": {
                    "Qwen3.5-35B-A3B_hcs17": 0.5224637681159421
                }
            }
        }
    }
}