{
    "criterion_grouped_scores": {
        "acc_eq": {
            "instruction_following": {
                "Qwen3.5-35B-A3B_hcs18": 0.5846014492753623
            },
            "naturalness": {
                "Qwen3.5-35B-A3B_hcs18": 0.5826086956521739
            },
            "coherence": {
                "Qwen3.5-35B-A3B_hcs18": 0.566123188405797
            }
        }
    },
    "criterion_locale_grouped_scores": {
        "acc_eq": {
            "instruction_following": {
                "cs_CZ": {
                    "Qwen3.5-35B-A3B_hcs18": 0.452355072463768
                },
                "en_US": {
                    "Qwen3.5-35B-A3B_hcs18": 0.7168478260869565
                }
            },
            "naturalness": {
                "cs_CZ": {
                    "Qwen3.5-35B-A3B_hcs18": 0.5449275362318842
                },
                "en_US": {
                    "Qwen3.5-35B-A3B_hcs18": 0.6202898550724637
                }
            },
            "coherence": {
                "cs_CZ": {
                    "Qwen3.5-35B-A3B_hcs18": 0.48931159420289855
                },
                "en_US": {
                    "Qwen3.5-35B-A3B_hcs18": 0.6429347826086955
                }
            }
        }
    }
}