{
    "criterion_grouped_scores": {
        "acc_eq": {
            "instruction_following": {
                "Qwen3.5-35B-A3B_hcs19": 0.5953804347826087
            },
            "naturalness": {
                "Qwen3.5-35B-A3B_hcs19": 0.5825181159420291
            },
            "coherence": {
                "Qwen3.5-35B-A3B_hcs19": 0.5640398550724638
            }
        }
    },
    "criterion_locale_grouped_scores": {
        "acc_eq": {
            "instruction_following": {
                "cs_CZ": {
                    "Qwen3.5-35B-A3B_hcs19": 0.4766304347826087
                },
                "en_US": {
                    "Qwen3.5-35B-A3B_hcs19": 0.7141304347826086
                }
            },
            "naturalness": {
                "cs_CZ": {
                    "Qwen3.5-35B-A3B_hcs19": 0.5458333333333333
                },
                "en_US": {
                    "Qwen3.5-35B-A3B_hcs19": 0.6192028985507246
                }
            },
            "coherence": {
                "cs_CZ": {
                    "Qwen3.5-35B-A3B_hcs19": 0.4824275362318841
                },
                "en_US": {
                    "Qwen3.5-35B-A3B_hcs19": 0.6456521739130435
                }
            }
        }
    }
}