{
    "ranking_accuracy": {
        "Qwen3.5-35B-A3B_hcs19": 0.8135593220338984
    },
    "acc_eq_by_instruction_following": {
        "Qwen3.5-35B-A3B_hcs19": 0.5953804347826087
    },
    "acc_eq_by_naturalness": {
        "Qwen3.5-35B-A3B_hcs19": 0.5825181159420291
    },
    "acc_eq_by_coherence": {
        "Qwen3.5-35B-A3B_hcs19": 0.5640398550724638
    },
    "acc_eq_average": {
        "Qwen3.5-35B-A3B_hcs19": 0.5806461352657005
    },
    "criterion_grouped_scores": {
        "acc_eq": {
            "instruction_following": {
                "Qwen3.5-35B-A3B_hcs19": 0.5953804347826087
            },
            "naturalness": {
                "Qwen3.5-35B-A3B_hcs19": 0.5825181159420291
            },
            "coherence": {
                "Qwen3.5-35B-A3B_hcs19": 0.5640398550724638
            }
        }
    }
}