{
    "criterion_grouped_scores": {
        "acc_eq": {
            "instruction_following": {
                "Qwen3.5-35B-A3B_h11": 0.601086956521739
            },
            "naturalness": {
                "Qwen3.5-35B-A3B_h11": 0.531838768115942
            },
            "coherence": {
                "Qwen3.5-35B-A3B_h11": 0.5757246376811594
            }
        }
    },
    "criterion_locale_grouped_scores": {
        "acc_eq": {
            "instruction_following": {
                "cs_CZ": {
                    "Qwen3.5-35B-A3B_h11": 0.46467391304347827
                },
                "de_DE": {
                    "Qwen3.5-35B-A3B_h11": 0.5532608695652176
                },
                "en_US": {
                    "Qwen3.5-35B-A3B_h11": 0.7416666666666665
                },
                "ru_RU": {
                    "Qwen3.5-35B-A3B_h11": 0.6447463768115941
                }
            },
            "naturalness": {
                "cs_CZ": {
                    "Qwen3.5-35B-A3B_h11": 0.5297101449275363
                },
                "de_DE": {
                    "Qwen3.5-35B-A3B_h11": 0.4547101449275363
                },
                "en_US": {
                    "Qwen3.5-35B-A3B_h11": 0.5980072463768116
                },
                "ru_RU": {
                    "Qwen3.5-35B-A3B_h11": 0.544927536231884
                }
            },
            "coherence": {
                "cs_CZ": {
                    "Qwen3.5-35B-A3B_h11": 0.48731884057971014
                },
                "de_DE": {
                    "Qwen3.5-35B-A3B_h11": 0.5817028985507247
                },
                "en_US": {
                    "Qwen3.5-35B-A3B_h11": 0.6342391304347825
                },
                "ru_RU": {
                    "Qwen3.5-35B-A3B_h11": 0.5996376811594203
                }
            }
        }
    }
}