{
    "criterion_grouped_scores": {
        "acc_eq": {
            "instruction_following": {
                "Qwen3.5-35B-A3B_hc12": 0.5703804347826086
            },
            "naturalness": {
                "Qwen3.5-35B-A3B_hc12": 0.5817934782608696
            },
            "coherence": {
                "Qwen3.5-35B-A3B_hc12": 0.5318840579710145
            }
        }
    },
    "criterion_locale_grouped_scores": {
        "acc_eq": {
            "instruction_following": {
                "cs_CZ": {
                    "Qwen3.5-35B-A3B_hc12": 0.4894927536231884
                },
                "en_US": {
                    "Qwen3.5-35B-A3B_hc12": 0.6512681159420289
                }
            },
            "naturalness": {
                "cs_CZ": {
                    "Qwen3.5-35B-A3B_hc12": 0.5376811594202898
                },
                "en_US": {
                    "Qwen3.5-35B-A3B_hc12": 0.6259057971014493
                }
            },
            "coherence": {
                "cs_CZ": {
                    "Qwen3.5-35B-A3B_hc12": 0.46105072463768115
                },
                "en_US": {
                    "Qwen3.5-35B-A3B_hc12": 0.6027173913043479
                }
            }
        }
    }
}