{
    "criterion_grouped_scores": {
        "acc_eq": {
            "instruction_following": {
                "gemma-4-31B-it_h23": 0.6232789855072464
            },
            "naturalness": {
                "gemma-4-31B-it_h23": 0.5694746376811594
            },
            "coherence": {
                "gemma-4-31B-it_h23": 0.5655797101449275
            }
        }
    },
    "criterion_locale_grouped_scores": {
        "acc_eq": {
            "instruction_following": {
                "cs_CZ": {
                    "gemma-4-31B-it_h23": 0.5097826086956523
                },
                "en_US": {
                    "gemma-4-31B-it_h23": 0.7367753623188406
                }
            },
            "naturalness": {
                "cs_CZ": {
                    "gemma-4-31B-it_h23": 0.5403985507246376
                },
                "en_US": {
                    "gemma-4-31B-it_h23": 0.5985507246376812
                }
            },
            "coherence": {
                "cs_CZ": {
                    "gemma-4-31B-it_h23": 0.5010869565217392
                },
                "en_US": {
                    "gemma-4-31B-it_h23": 0.6300724637681159
                }
            }
        }
    }
}