{
    "ranking_accuracy": {
        "gemma-4-E4B-it_h23": 0.875
    },
    "acc_eq_by_instruction_following": {
        "gemma-4-E4B-it_h23": 0.5934239130434783
    },
    "acc_eq_by_naturalness": {
        "gemma-4-E4B-it_h23": 0.5233333333333333
    },
    "acc_eq_by_coherence": {
        "gemma-4-E4B-it_h23": 0.5861413043478261
    },
    "acc_eq_average": {
        "gemma-4-E4B-it_h23": 0.5676328502415459
    },
    "criterion_grouped_scores": {
        "acc_eq": {
            "instruction_following": {
                "gemma-4-E4B-it_h23": 0.5934239130434783
            },
            "naturalness": {
                "gemma-4-E4B-it_h23": 0.5233333333333333
            },
            "coherence": {
                "gemma-4-E4B-it_h23": 0.5861413043478261
            }
        }
    }
}