{
    "criterion_grouped_scores": {
        "acc_eq": {
            "instruction_following": {
                "gemma-4-26B-A4B-it_h23": 0.6254528985507246
            },
            "naturalness": {
                "gemma-4-26B-A4B-it_h23": 0.5830615942028985
            },
            "coherence": {
                "gemma-4-26B-A4B-it_h23": 0.551358695652174
            }
        }
    },
    "criterion_locale_grouped_scores": {
        "acc_eq": {
            "instruction_following": {
                "cs_CZ": {
                    "gemma-4-26B-A4B-it_h23": 0.5007246376811595
                },
                "en_US": {
                    "gemma-4-26B-A4B-it_h23": 0.7501811594202898
                }
            },
            "naturalness": {
                "cs_CZ": {
                    "gemma-4-26B-A4B-it_h23": 0.5338768115942029
                },
                "en_US": {
                    "gemma-4-26B-A4B-it_h23": 0.6322463768115941
                }
            },
            "coherence": {
                "cs_CZ": {
                    "gemma-4-26B-A4B-it_h23": 0.47373188405797106
                },
                "en_US": {
                    "gemma-4-26B-A4B-it_h23": 0.6289855072463767
                }
            }
        }
    }
}