{
    "ranking_accuracy": {
        "gemma-4-26B-A4B-it_h23": 0.8403361344537815
    },
    "acc_eq_by_instruction_following": {
        "gemma-4-26B-A4B-it_h23": 0.6228260869565218
    },
    "acc_eq_by_naturalness": {
        "gemma-4-26B-A4B-it_h23": 0.5776268115942029
    },
    "acc_eq_by_coherence": {
        "gemma-4-26B-A4B-it_h23": 0.5534420289855072
    },
    "acc_eq_average": {
        "gemma-4-26B-A4B-it_h23": 0.5846316425120773
    },
    "criterion_grouped_scores": {
        "acc_eq": {
            "instruction_following": {
                "gemma-4-26B-A4B-it_h23": 0.6228260869565218
            },
            "naturalness": {
                "gemma-4-26B-A4B-it_h23": 0.5776268115942029
            },
            "coherence": {
                "gemma-4-26B-A4B-it_h23": 0.5534420289855072
            }
        }
    }
}