{
    "criterion_grouped_scores": {
        "acc_eq": {
            "instruction_following": {
                "gemma-4-26B-A4B-it_h23": 0.6228260869565218
            },
            "naturalness": {
                "gemma-4-26B-A4B-it_h23": 0.5776268115942029
            },
            "coherence": {
                "gemma-4-26B-A4B-it_h23": 0.5534420289855072
            }
        }
    },
    "criterion_locale_grouped_scores": {
        "acc_eq": {
            "instruction_following": {
                "cs_CZ": {
                    "gemma-4-26B-A4B-it_h23": 0.5012681159420289
                },
                "en_US": {
                    "gemma-4-26B-A4B-it_h23": 0.7443840579710144
                }
            },
            "naturalness": {
                "cs_CZ": {
                    "gemma-4-26B-A4B-it_h23": 0.5313405797101448
                },
                "en_US": {
                    "gemma-4-26B-A4B-it_h23": 0.6239130434782608
                }
            },
            "coherence": {
                "cs_CZ": {
                    "gemma-4-26B-A4B-it_h23": 0.4807971014492753
                },
                "en_US": {
                    "gemma-4-26B-A4B-it_h23": 0.6260869565217392
                }
            }
        }
    }
}