{
    "criterion_grouped_scores": {
        "acc_eq": {
            "instruction_following": {
                "gemma-3-4b-it_h23": 0.5748007246376811
            },
            "naturalness": {
                "gemma-3-4b-it_h23": 0.47327898550724634
            },
            "coherence": {
                "gemma-3-4b-it_h23": 0.5299094202898551
            }
        }
    },
    "criterion_locale_grouped_scores": {
        "acc_eq": {
            "instruction_following": {
                "ar_EG": {
                    "gemma-3-4b-it_h23": 0.6541666666666667
                },
                "bn_BD": {
                    "gemma-3-4b-it_h23": 0.4920289855072463
                },
                "cs_CZ": {
                    "gemma-3-4b-it_h23": 0.427536231884058
                },
                "de_DE": {
                    "gemma-3-4b-it_h23": 0.5688405797101449
                },
                "en_US": {
                    "gemma-3-4b-it_h23": 0.718840579710145
                },
                "hi_IN": {
                    "gemma-3-4b-it_h23": 0.6259057971014493
                },
                "id_ID": {
                    "gemma-3-4b-it_h23": 0.5626811594202898
                },
                "ja_JP": {
                    "gemma-3-4b-it_h23": 0.4324275362318841
                },
                "ru_RU": {
                    "gemma-3-4b-it_h23": 0.652536231884058
                },
                "zh_CN": {
                    "gemma-3-4b-it_h23": 0.6130434782608696
                }
            },
            "naturalness": {
                "ar_EG": {
                    "gemma-3-4b-it_h23": 0.4346014492753623
                },
                "bn_BD": {
                    "gemma-3-4b-it_h23": 0.4963768115942029
                },
                "cs_CZ": {
                    "gemma-3-4b-it_h23": 0.39076086956521744
                },
                "de_DE": {
                    "gemma-3-4b-it_h23": 0.4735507246376812
                },
                "en_US": {
                    "gemma-3-4b-it_h23": 0.6083333333333334
                },
                "hi_IN": {
                    "gemma-3-4b-it_h23": 0.5273550724637682
                },
                "id_ID": {
                    "gemma-3-4b-it_h23": 0.3878623188405797
                },
                "ja_JP": {
                    "gemma-3-4b-it_h23": 0.47844202898550714
                },
                "ru_RU": {
                    "gemma-3-4b-it_h23": 0.4134057971014493
                },
                "zh_CN": {
                    "gemma-3-4b-it_h23": 0.5221014492753624
                }
            },
            "coherence": {
                "ar_EG": {
                    "gemma-3-4b-it_h23": 0.5936594202898551
                },
                "bn_BD": {
                    "gemma-3-4b-it_h23": 0.4878623188405797
                },
                "cs_CZ": {
                    "gemma-3-4b-it_h23": 0.4172101449275362
                },
                "de_DE": {
                    "gemma-3-4b-it_h23": 0.5429347826086957
                },
                "en_US": {
                    "gemma-3-4b-it_h23": 0.5855072463768117
                },
                "hi_IN": {
                    "gemma-3-4b-it_h23": 0.5847826086956522
                },
                "id_ID": {
                    "gemma-3-4b-it_h23": 0.4523550724637681
                },
                "ja_JP": {
                    "gemma-3-4b-it_h23": 0.4775362318840579
                },
                "ru_RU": {
                    "gemma-3-4b-it_h23": 0.5355072463768117
                },
                "zh_CN": {
                    "gemma-3-4b-it_h23": 0.6217391304347827
                }
            }
        }
    }
}