{
    "criterion_grouped_scores": {
        "acc_eq": {
            "instruction_following": {
                "gemma-3-12b-it_h23": 0.6070652173913043
            },
            "naturalness": {
                "gemma-3-12b-it_h23": 0.5260869565217391
            },
            "coherence": {
                "gemma-3-12b-it_h23": 0.5405797101449274
            }
        }
    },
    "criterion_locale_grouped_scores": {
        "acc_eq": {
            "instruction_following": {
                "cs_CZ": {
                    "gemma-3-12b-it_h23": 0.4614130434782609
                },
                "en_US": {
                    "gemma-3-12b-it_h23": 0.7527173913043476
                }
            },
            "naturalness": {
                "cs_CZ": {
                    "gemma-3-12b-it_h23": 0.49021739130434794
                },
                "en_US": {
                    "gemma-3-12b-it_h23": 0.5619565217391304
                }
            },
            "coherence": {
                "cs_CZ": {
                    "gemma-3-12b-it_h23": 0.45344202898550734
                },
                "en_US": {
                    "gemma-3-12b-it_h23": 0.6277173913043479
                }
            }
        }
    }
}