{
    "ranking_accuracy": {
        "gemma-3-27b-it_h23": 0.9083333333333333
    },
    "acc_eq_by_instruction_following": {
        "gemma-3-27b-it_h23": 0.544945652173913
    },
    "acc_eq_by_naturalness": {
        "gemma-3-27b-it_h23": 0.4890579710144928
    },
    "acc_eq_by_coherence": {
        "gemma-3-27b-it_h23": 0.5118115942028986
    },
    "acc_eq_average": {
        "gemma-3-27b-it_h23": 0.5152717391304348
    },
    "criterion_grouped_scores": {
        "acc_eq": {
            "instruction_following": {
                "gemma-3-27b-it_h23": 0.544945652173913
            },
            "naturalness": {
                "gemma-3-27b-it_h23": 0.4890579710144928
            },
            "coherence": {
                "gemma-3-27b-it_h23": 0.5118115942028986
            }
        }
    }
}