{
    "criterion_grouped_scores": {
        "acc_eq": {
            "instruction_following": {
                "M-Prometheus-7B_h23": 0.5729710144927536
            },
            "naturalness": {
                "M-Prometheus-7B_h23": 0.5175000000000001
            },
            "coherence": {
                "M-Prometheus-7B_h23": 0.5514673913043479
            }
        }
    },
    "criterion_locale_grouped_scores": {
        "acc_eq": {
            "instruction_following": {
                "ar_EG": {
                    "M-Prometheus-7B_h23": 0.6681159420289855
                },
                "bn_BD": {
                    "M-Prometheus-7B_h23": 0.46467391304347827
                },
                "cs_CZ": {
                    "M-Prometheus-7B_h23": 0.4380434782608697
                },
                "de_DE": {
                    "M-Prometheus-7B_h23": 0.5442028985507247
                },
                "en_US": {
                    "M-Prometheus-7B_h23": 0.7226449275362319
                },
                "hi_IN": {
                    "M-Prometheus-7B_h23": 0.6217391304347826
                },
                "id_ID": {
                    "M-Prometheus-7B_h23": 0.566304347826087
                },
                "ja_JP": {
                    "M-Prometheus-7B_h23": 0.4759057971014493
                },
                "ru_RU": {
                    "M-Prometheus-7B_h23": 0.6250000000000001
                },
                "zh_CN": {
                    "M-Prometheus-7B_h23": 0.6030797101449274
                }
            },
            "naturalness": {
                "ar_EG": {
                    "M-Prometheus-7B_h23": 0.43858695652173907
                },
                "bn_BD": {
                    "M-Prometheus-7B_h23": 0.47807971014492756
                },
                "cs_CZ": {
                    "M-Prometheus-7B_h23": 0.44384057971014496
                },
                "de_DE": {
                    "M-Prometheus-7B_h23": 0.4907608695652173
                },
                "en_US": {
                    "M-Prometheus-7B_h23": 0.6246376811594202
                },
                "hi_IN": {
                    "M-Prometheus-7B_h23": 0.5867753623188405
                },
                "id_ID": {
                    "M-Prometheus-7B_h23": 0.4541666666666667
                },
                "ja_JP": {
                    "M-Prometheus-7B_h23": 0.515036231884058
                },
                "ru_RU": {
                    "M-Prometheus-7B_h23": 0.49221014492753623
                },
                "zh_CN": {
                    "M-Prometheus-7B_h23": 0.6509057971014492
                }
            },
            "coherence": {
                "ar_EG": {
                    "M-Prometheus-7B_h23": 0.631159420289855
                },
                "bn_BD": {
                    "M-Prometheus-7B_h23": 0.4447463768115942
                },
                "cs_CZ": {
                    "M-Prometheus-7B_h23": 0.44637681159420295
                },
                "de_DE": {
                    "M-Prometheus-7B_h23": 0.5628623188405798
                },
                "en_US": {
                    "M-Prometheus-7B_h23": 0.6173913043478261
                },
                "hi_IN": {
                    "M-Prometheus-7B_h23": 0.6538043478260869
                },
                "id_ID": {
                    "M-Prometheus-7B_h23": 0.42898550724637685
                },
                "ja_JP": {
                    "M-Prometheus-7B_h23": 0.5289855072463768
                },
                "ru_RU": {
                    "M-Prometheus-7B_h23": 0.5614130434782608
                },
                "zh_CN": {
                    "M-Prometheus-7B_h23": 0.6389492753623188
                }
            }
        }
    }
}