{
    "ranking_accuracy": {
        "M-Prometheus-14B_h23": 0.8319327731092437
    },
    "acc_eq_by_instruction_following": {
        "M-Prometheus-14B_h23": 0.5848369565217391
    },
    "acc_eq_by_naturalness": {
        "M-Prometheus-14B_h23": 0.5268659420289855
    },
    "acc_eq_by_coherence": {
        "M-Prometheus-14B_h23": 0.5742028985507246
    },
    "acc_eq_average": {
        "M-Prometheus-14B_h23": 0.5619685990338165
    },
    "criterion_grouped_scores": {
        "acc_eq": {
            "instruction_following": {
                "M-Prometheus-14B_h23": 0.5848369565217391
            },
            "naturalness": {
                "M-Prometheus-14B_h23": 0.5268659420289855
            },
            "coherence": {
                "M-Prometheus-14B_h23": 0.5742028985507246
            }
        }
    }
}