{
    "ranking_accuracy": {
        "EuroLLM-9B-Instruct_h23": 0.7142857142857143
    },
    "acc_eq_by_instruction_following": {
        "EuroLLM-9B-Instruct_h23": 0.5494565217391305
    },
    "acc_eq_by_naturalness": {
        "EuroLLM-9B-Instruct_h23": 0.4968297101449275
    },
    "acc_eq_by_coherence": {
        "EuroLLM-9B-Instruct_h23": 0.47771739130434776
    },
    "acc_eq_average": {
        "EuroLLM-9B-Instruct_h23": 0.5080012077294686
    },
    "criterion_grouped_scores": {
        "acc_eq": {
            "instruction_following": {
                "EuroLLM-9B-Instruct_h23": 0.5494565217391305
            },
            "naturalness": {
                "EuroLLM-9B-Instruct_h23": 0.4968297101449275
            },
            "coherence": {
                "EuroLLM-9B-Instruct_h23": 0.47771739130434776
            }
        }
    }
}