{
    "ranking_accuracy": {
        "EuroLLM-22B-Instruct-2512_h23": 0.7966101694915254
    },
    "acc_eq_by_instruction_following": {
        "EuroLLM-22B-Instruct-2512_h23": 0.451268115942029
    },
    "acc_eq_by_naturalness": {
        "EuroLLM-22B-Instruct-2512_h23": 0.4064311594202899
    },
    "acc_eq_by_coherence": {
        "EuroLLM-22B-Instruct-2512_h23": 0.43994565217391307
    },
    "acc_eq_average": {
        "EuroLLM-22B-Instruct-2512_h23": 0.43254830917874404
    },
    "criterion_grouped_scores": {
        "acc_eq": {
            "instruction_following": {
                "EuroLLM-22B-Instruct-2512_h23": 0.451268115942029
            },
            "naturalness": {
                "EuroLLM-22B-Instruct-2512_h23": 0.4064311594202899
            },
            "coherence": {
                "EuroLLM-22B-Instruct-2512_h23": 0.43994565217391307
            }
        }
    }
}