{
    "criterion_grouped_scores": {
        "acc_eq": {
            "instruction_following": {
                "Magistral-Small-2509_h23": 0.582427536231884
            },
            "naturalness": {
                "Magistral-Small-2509_h23": 0.5456521739130434
            },
            "coherence": {
                "Magistral-Small-2509_h23": 0.5316123188405797
            }
        }
    },
    "criterion_locale_grouped_scores": {
        "acc_eq": {
            "instruction_following": {
                "cs_CZ": {
                    "Magistral-Small-2509_h23": 0.4253623188405797
                },
                "en_US": {
                    "Magistral-Small-2509_h23": 0.7394927536231883
                }
            },
            "naturalness": {
                "cs_CZ": {
                    "Magistral-Small-2509_h23": 0.472644927536232
                },
                "en_US": {
                    "Magistral-Small-2509_h23": 0.6186594202898551
                }
            },
            "coherence": {
                "cs_CZ": {
                    "Magistral-Small-2509_h23": 0.45362318840579713
                },
                "en_US": {
                    "Magistral-Small-2509_h23": 0.6096014492753624
                }
            }
        }
    }
}